entry,expiry,year,spot_entry,vix9d,vix3m,contango,short_strike,long_strike,credit,payout,pnl,win,contango_threshold,traded,pnl_unfiltered,pnl_filtered,cum_pnl_unfiltered,cum_pnl_filtered,spy_indexed,cash_indexed
2016-01-08,2016-01-15,2016,191.923,0.2798,0.2623,0.9374553252323088,185,180.0,0.4097728859270333,0.0,0.4097728859270333,True,,True,0.4097728859270333,0.4097728859270333,0.4097728859270333,0.4097728859270333,100.0,100.0
2016-01-15,2016-01-22,2016,187.81,0.29600000000000004,0.2688,0.9081081081081079,180,175.0,0.3340703848119775,0.0,0.3340703848119775,True,,True,0.3340703848119775,0.3340703848119775,0.7438432707390108,0.7438432707390108,97.85695304887898,100.05686000964286
2016-01-22,2016-01-29,2016,190.52,0.2259,0.24280000000000002,1.0748118636564854,180,175.0,0.05713919317402766,0.0,0.05713919317402766,True,,True,0.05713919317402766,0.05713919317402766,0.8009824639130385,0.8009824639130385,99.2689776629169,100.11375234989272
2016-01-29,2016-02-05,2016,193.7208,0.1937,0.2266,1.1698502839442435,185,180.0,0.07712041525893187,0.0,0.07712041525893187,True,,True,0.07712041525893187,0.07712041525893187,0.8781028791719704,0.8781028791719704,100.93672983436065,100.17067703913271
2016-02-05,2016-02-12,2016,187.95,0.2296,0.24480000000000002,1.0662020905923346,180,175.0,0.17239287996891695,0.0,0.17239287996891695,True,,True,0.17239287996891695,0.17239287996891695,1.0504957591408872,1.0504957591408872,97.92989896989938,100.2276340957565
2016-02-12,2016-02-19,2016,186.63,0.2271,0.2623,1.1549977983267283,180,175.0,0.26923103055609854,0.0,0.26923103055609854,True,,True,0.26923103055609854,0.26923103055609854,1.3197267896969858,1.3197267896969858,97.24212314313553,100.28462353816816
2016-02-19,2016-02-26,2016,192.0,0.1822,0.228,1.251372118551043,185,180.0,0.13524884180837993,0.0,0.13524884180837993,True,,True,0.13524884180837993,0.13524884180837993,1.4549756315053657,1.4549756315053657,100.04012025656122,100.3416453847823
2016-02-26,2016-03-04,2016,195.0892,0.1856,0.2186,1.177801724137931,185,180.0,0.03166548612165185,0.0,0.03166548612165185,True,,True,0.03166548612165185,0.03166548612165185,1.4866411176270176,1.4866411176270176,101.64972410810586,100.3986996540239
2016-03-04,2016-03-11,2016,200.43,0.1586,0.1963,1.237704918032787,190,185.0,0.011891917421386233,0.0,0.011891917421386233,True,,True,0.011891917421386233,0.011891917421386233,1.4985330350484038,1.4985330350484038,104.43250678657587,100.4557863643285
2016-03-11,2016-03-18,2016,202.76,0.152,0.19469999999999998,1.2809210526315788,195,190.0,0.0564770960881929,0.0,0.0564770960881929,True,,True,0.0564770960881929,0.0564770960881929,1.5550101311365967,1.5550101311365967,105.64653532927268,100.51290553414208
2016-03-18,2016-03-24,2016,204.38,0.1247,0.1793,1.4378508420208498,195,190.0,0.0025133074511872423,0.0,0.0025133074511872423,True,,True,0.0025133074511872423,0.0025133074511872423,1.5575234385877839,1.5575234385877839,106.49062384393741,100.57005718192111
2016-04-01,2016-04-08,2016,206.92,0.1092,0.165,1.510989010989011,200,195.0,0.019227876280691232,0.0,0.019227876280691232,True,,True,0.019227876280691232,0.019227876280691232,1.576751314868475,1.576751314868475,107.81407126816484,100.6272413261326
2016-04-08,2016-04-15,2016,204.4992,0.1359,0.1832,1.3480500367917587,195,190.0,0.00932727722531292,0.0,0.00932727722531292,True,,True,0.00932727722531292,0.00932727722531292,1.586078592093788,1.586078592093788,106.55273208526337,100.684457985254
2016-04-15,2016-04-22,2016,207.78,0.122,0.1716,1.4065573770491804,200,195.0,0.019588477001300897,0.0,0.019588477001300897,True,,True,0.019588477001300897,0.019588477001300897,1.605667069095089,1.605667069095089,108.26216764014735,100.74170717777329
2016-04-22,2016-04-29,2016,208.97,0.1193,0.1664,1.3948030176026822,200,195.0,0.00648109605585606,0.0,0.00648109605585606,True,,True,0.00648109605585606,0.00648109605585606,1.612148165150945,1.612148165150945,108.88220796882082,100.79898892218897
2016-04-29,2016-05-06,2016,206.3308,0.1479,0.1845,1.2474645030425964,200,195.0,0.12208537457553881,0.0,0.12208537457553881,True,,True,0.12208537457553881,0.12208537457553881,1.7342335397264839,1.7342335397264839,107.50707314912752,100.85630323701005
2016-05-06,2016-05-13,2016,205.72,0.1338,0.1827,1.3654708520179373,195,190.0,0.0031361674175736987,0.0,0.0031361674175736987,True,,True,0.0031361674175736987,0.0031361674175736987,1.7373697071440575,1.7373697071440575,107.18882051656132,100.91365014075606
2016-05-13,2016-05-20,2016,204.76,0.14150000000000001,0.1825,1.2897526501766783,195,190.0,0.01033401872529362,0.0,0.01033401872529362,True,,True,0.01033401872529362,0.01033401872529362,1.747703725869351,1.747703725869351,106.68861991527852,100.97102965195708
2016-05-20,2016-05-27,2016,205.49,0.1273,0.1805,1.4179104477611941,195,190.0,0.0024124455263729305,0.0,0.0024124455263729305,True,,True,0.0024124455263729305,0.0024124455263729305,1.750116171395724,1.750116171395724,107.06898078917065,101.02844178915369
2016-05-27,2016-06-03,2016,210.24,0.0977,0.1631,1.669396110542477,200,195.0,0.00021762728784104288,0.0,0.00021762728784104288,True,,True,0.00021762728784104288,0.00021762728784104288,1.7503337986835652,1.7503337986835652,109.54393168093453,101.08588657089706
2016-06-03,2016-06-10,2016,210.28,0.1011,0.1649,1.6310583580613254,200,195.0,0.00032288224684494805,0.0,0.00032288224684494805,True,,True,0.00032288224684494805,0.00032288224684494805,1.75065668093041,1.75065668093041,109.56477337265466,101.14336401574884
2016-06-10,2016-06-17,2016,210.07,0.1583,0.1894,1.1964624131396084,200,195.0,0.021429262059397394,0.0,0.021429262059397394,True,,True,0.021429262059397394,0.021429262059397394,1.7720859429898075,1.7720859429898075,109.45535449112404,101.20087414228132
2016-06-17,2016-06-24,2016,206.52,0.22,0.21309999999999998,0.9686363636363635,200,195.0,0.3488813589783595,0.0,0.3488813589783595,True,,True,0.3488813589783595,0.3488813589783595,2.120967301968167,2.120967301968167,107.60565435096366,101.25841696907729
2016-06-24,2016-07-01,2016,203.2425,0.3071,0.23929999999999998,0.7792250081406707,195,190.0,0.3945511776184434,0.0,0.3945511776184434,True,,True,0.3945511776184434,0.3945511776184434,2.5155184795866106,2.5155184795866106,105.89793823564659,101.31599251473014
2016-07-01,2016-07-08,2016,209.9208,0.1185,0.1765,1.489451476793249,200,195.0,0.0026539617907402305,0.0,0.0026539617907402305,True,,True,0.0026539617907402305,0.0026539617907402305,2.518172441377351,2.518172441377351,109.37761498100802,101.37360079784379
2016-07-08,2016-07-15,2016,212.65,0.1143,0.1649,1.442694663167104,205,200.0,0.016919058867466075,0.0,0.016919058867466075,True,,True,0.016919058867466075,0.016919058867466075,2.535091500244817,2.535091500244817,110.79964360707159,101.43124183703279
2016-07-15,2016-07-22,2016,215.83,0.1026,0.15990000000000001,1.5584795321637428,205,200.0,0.00028349982385940896,0.0,0.00028349982385940896,True,,True,0.00028349982385940896,0.00028349982385940896,2.5353750000686763,2.5353750000686763,112.45655809882088,101.4889156509222
2016-07-22,2016-07-29,2016,217.24,0.10220000000000001,0.158,1.5459882583170252,210,205.0,0.013352758016124662,0.0,0.013352758016124662,True,,True,0.013352758016124662,0.013352758016124662,2.548727758084801,2.548727758084801,113.191227731955,101.54662225814776
2016-07-29,2016-08-05,2016,217.12,0.1001,0.1542,1.5404595404595405,210,205.0,0.012861732488614263,0.0,0.012861732488614263,True,,True,0.012861732488614263,0.012861732488614263,2.5615894905734153,2.5615894905734153,113.12870265679464,101.60436167735575
2016-08-05,2016-08-12,2016,218.18,0.09179999999999999,0.1514,1.6492374727668848,210,205.0,0.002216855897154043,0.0,0.002216855897154043,True,,True,0.002216855897154043,0.002216855897154043,2.5638063464705696,2.5638063464705696,113.68100748737776,101.66213392720309
2016-08-12,2016-08-19,2016,218.46,0.09539999999999998,0.15259999999999999,1.59958071278826,210,205.0,0.002362304071272403,0.0,0.002362304071272403,True,,True,0.002362304071272403,0.002362304071272403,2.566168650541842,2.566168650541842,113.82689932941857,101.71993902635722
2016-08-19,2016-08-26,2016,218.54,0.094,0.15130000000000002,1.6095744680851065,210,205.0,0.0018775645569538547,0.0,0.0018775645569538547,True,,True,0.0018775645569538547,0.0018775645569538547,2.568046215098796,2.568046215098796,113.8685827128588,101.77777699349635
2016-08-26,2016-09-02,2016,217.29,0.121,0.1624,1.3421487603305784,210,205.0,0.03599049305825913,0.0,0.03599049305825913,True,,True,0.03599049305825913,0.03599049305825913,2.604036708157055,2.604036708157055,113.21727984660515,101.83564784730916
2016-09-02,2016-09-09,2016,218.37,0.091,0.1565,1.7197802197802199,210,205.0,0.0016432831368994828,0.0,0.0016432831368994828,True,,True,0.0016432831368994828,0.0016432831368994828,2.6056799912939543,2.6056799912939543,113.7800055230483,101.89355160649502
2016-09-09,2016-09-16,2016,213.28,0.18780000000000002,0.1883,1.0026624068157612,205,200.0,0.13152802414053744,0.0,0.13152802414053744,True,,True,0.13152802414053744,0.13152802414053744,2.7372080154344918,2.7372080154344918,111.12790025166343,101.95148828976394
2016-09-16,2016-09-23,2016,213.36,0.1527,0.1788,1.1709233791748526,205,200.0,0.05408107246141208,0.0,0.05408107246141208,True,,True,0.05408107246141208,0.05408107246141208,2.791289087895904,2.791289087895904,111.16958363510366,102.00945791583655
2016-09-23,2016-09-30,2016,216.02,0.1139,0.1605,1.4091308165057068,205,200.0,0.0008124778919561143,0.0,0.0008124778919561143,True,,True,0.0008124778919561143,0.0008124778919561143,2.79210156578786,2.79210156578786,112.55555613449144,102.06746050344415
2016-09-30,2016-10-07,2016,216.35,0.12369999999999999,0.1637,1.3233629749393696,205,200.0,0.0014444410845251814,0.0,0.0014444410845251814,True,,True,0.0014444410845251814,0.0014444410845251814,2.793546006872385,2.793546006872385,112.7275000911824,102.12549607132864
2016-10-07,2016-10-14,2016,215.03,0.11470000000000001,0.16440000000000002,1.4333042720139495,205,200.0,0.002266364767474302,0.0,0.002266364767474302,True,,True,0.002266364767474302,0.002266364767474302,2.795812371639859,2.795812371639859,112.03972426441854,102.18356463824263
2016-10-14,2016-10-21,2016,213.06,0.1294,0.17420000000000002,1.3462132921174654,205,200.0,0.02695382795231714,0.0,0.02695382795231714,True,,True,0.02695382795231714,0.02695382795231714,2.8227661995921762,2.8227661995921762,111.01327094720278,102.24166622294936
2016-10-21,2016-10-28,2016,213.89,0.10679999999999999,0.1604,1.5018726591760299,205,200.0,0.003425586422254656,0.0,0.003425586422254656,True,,True,0.003425586422254656,0.003425586422254656,2.826191786014431,2.826191786014431,111.44573605039521,102.29980084422277
2016-10-28,2016-11-04,2016,212.5,0.16690000000000002,0.17370000000000002,1.0407429598562012,205,200.0,0.1202324406867723,0.0,0.1202324406867723,True,,True,0.1202324406867723,0.1202324406867723,2.946424226701203,2.946424226701203,110.72148726312115,102.35796852084744
2016-11-04,2016-11-11,2016,208.56,0.2882,0.2113,0.7331714087439277,200,195.0,0.34665549206649526,0.0,0.34665549206649526,True,,True,0.34665549206649526,0.34665549206649526,3.2930797187676983,3.2930797187676983,108.66858062868963,102.41616927161866
2016-11-11,2016-11-18,2016,216.45,0.1284,0.1649,1.2842679127725858,205,200.0,0.0019270666567305743,0.0,0.0019270666567305743,True,,True,0.0019270666567305743,0.0019270666567305743,3.295006785424429,3.295006785424429,112.77960432048269,102.47440311534235
2016-11-18,2016-11-25,2016,218.48,0.0863,0.1552,1.79837775202781,210,205.0,0.0008211369577084491,0.0,0.0008211369577084491,True,,True,0.0008211369577084491,0.0008211369577084491,3.2958279223821374,3.2958279223821374,113.83732017527862,102.53267007083522
2016-11-25,2016-12-02,2016,221.52,0.1043,0.1551,1.4870565675934801,210,205.0,0.00022174726628540692,0.0,0.00022174726628540692,True,,True,0.00022174726628540692,0.00022174726628540692,3.296049669648423,3.296049669648423,115.42128874600752,102.5909701569246
2016-12-02,2016-12-09,2016,219.6108,0.1364,0.1678,1.2302052785923754,210,205.0,0.01563502031139171,0.0,0.01563502031139171,True,,True,0.01563502031139171,0.01563502031139171,3.3116846899598147,3.3116846899598147,114.42651480020633,102.64930339244853
2016-12-09,2016-12-16,2016,226.53,0.111,0.1522,1.3711711711711712,215,210.0,0.0006514009496602749,0.0,0.0006514009496602749,True,,True,0.0006514009496602749,0.0006514009496602749,3.312336090909475,3.312336090909475,118.03171063395216,102.70766979625583
2016-12-16,2016-12-23,2016,225.05,0.1067,0.1557,1.4592314901593253,215,210.0,0.0018017170702531653,0.0,0.0018017170702531653,True,,True,0.0018017170702531653,0.0018017170702531653,3.314137807979728,3.314137807979728,117.26056804030783,102.76606938720593
2016-12-23,2016-12-30,2016,225.7,0.0898,0.1525,1.698218262806236,215,210.0,0.00010627118174849131,0.0,0.00010627118174849131,True,,True,0.00010627118174849131,0.00010627118174849131,3.3142440791614765,3.3142440791614765,117.59924553075973,102.82450218416912
2016-12-30,2017-01-06,2016,223.52,0.1268,0.1654,1.3044164037854888,215,210.0,0.0239069167134649,0.0,0.0239069167134649,True,,True,0.0239069167134649,0.0239069167134649,3.3381509958749414,3.3381509958749414,116.46337333201336,102.88296820602628
2017-01-06,2017-01-13,2017,227.25,0.0919,0.1456,1.5843307943416758,220,215.0,0.00878283898286554,0.0,0.00878283898286554,True,,True,0.00878283898286554,0.00878283898286554,3.346933834857807,3.346933834857807,118.40686108491425,102.9414674716691
2017-01-13,2017-01-20,2017,227.04,0.08990000000000001,0.1454,1.6173526140155727,220,215.0,0.009107915685267528,0.0,0.009107915685267528,True,,True,0.009107915685267528,0.009107915685267528,3.356041750543074,3.356041750543074,118.29744220338365,103.0
2017-01-20,2017-01-27,2017,226.74,0.09720000000000001,0.1449,1.4907407407407407,215,210.0,8.95586606643383e-05,0.0,8.95586606643383e-05,True,,True,8.95586606643383e-05,8.95586606643383e-05,3.3561313092037386,3.3561313092037386,118.14112951548277,103.05856580993216
2017-01-27,2017-02-03,2017,228.99,0.09359999999999999,0.1368,1.4615384615384617,220,215.0,0.0018006710354124024,0.0,0.0018006710354124024,True,,True,0.0018006710354124024,0.0018006710354124024,3.357931980239151,3.357931980239151,119.31347467473935,103.1171649203895
2017-02-03,2017-02-10,2017,229.35,0.0919,0.1405,1.5288356909684442,220,215.0,0.001004887124447682,0.0,0.001004887124447682,True,,True,0.001004887124447682,0.001004887124447682,3.3589368673635986,3.3589368673635986,119.5010499002204,103.17579735030668
2017-02-10,2017-02-17,2017,231.49,0.0902,0.1391,1.5421286031042127,220,215.0,5.702504186333438e-05,0.0,5.702504186333438e-05,True,,True,5.702504186333438e-05,5.702504186333438e-05,3.358993892405462,3.358993892405462,120.61608040724666,103.23446311862918
2017-02-17,2017-02-24,2017,235.04,0.09029999999999999,0.13720000000000002,1.5193798449612406,225,220.0,0.000489679496265572,0.0,0.000489679496265572,True,,True,0.000489679496265572,0.000489679496265572,3.3594835719017273,3.3594835719017273,122.46578054740704,103.29316224431322
2017-02-24,2017-03-03,2017,236.77,0.0941,0.1476,1.5685441020191286,225,220.0,0.00010811143287822928,0.0,0.00010811143287822928,True,,True,0.00010811143287822928,0.00010811143287822928,3.3595916833346053,3.3595916833346053,123.36718371430209,103.35189474632575
2017-03-03,2017-03-10,2017,238.43,0.08560000000000001,0.1426,1.6658878504672896,230,225.0,0.0021473469772220824,0.0,0.0021473469772220824,True,,True,0.0021473469772220824,0.0021473469772220824,3.3617390303118273,3.3617390303118273,124.23211392068694,103.41066064364462
2017-03-10,2017-03-17,2017,237.66,0.1067,0.1438,1.3477038425492034,230,225.0,0.02361939714090401,0.0,0.02361939714090401,True,1.2868457393525092,True,0.02361939714090401,0.02361939714090401,3.3853584274527315,3.3853584274527315,123.83091135507469,103.46945995525836
2017-03-17,2017-03-24,2017,237.1008,0.0987,0.1392,1.4103343465045592,225,220.0,0.00014532610362941317,0.0,0.00014532610362941317,True,1.2886557026958598,True,0.00014532610362941317,0.00014532610362941317,3.385503753556361,3.385503753556361,123.53954450482745,103.52829270016635
2017-03-24,2017-03-31,2017,233.88,0.1343,0.14550000000000002,1.0833953834698438,225,220.0,0.03549376380881045,0.0,0.03549376380881045,True,1.2916589381458237,False,0.03549376380881045,0.0,3.4209975173651714,3.385503753556361,121.86137148752364,103.58715889737876
2017-03-31,2017-04-07,2017,235.68,0.0966,0.136,1.4078674948240166,225,220.0,0.0005378312972919751,0.0,0.0005378312972919751,True,1.2867908919784683,True,0.0005378312972919751,0.0005378312972919751,3.4215353486624633,3.3860415848536527,122.7992476149289,103.64605856591658
2017-04-07,2017-04-13,2017,235.17,0.10060000000000001,0.1406,1.3976143141153081,225,220.0,0.0005786810721001087,0.0,0.0005786810721001087,True,1.288600855321819,True,0.0005786810721001087,0.0005786810721001087,3.4221140297345634,3.3866202659257527,122.53351604549741,103.70499172481162
2017-04-21,2017-04-28,2017,234.59,0.1709,0.1475,0.8630778232884727,225,220.0,0.08037906000467454,0.0,0.08037906000467454,True,1.2915123006097355,False,0.08037906000467454,0.0,3.5024930897392377,3.3866202659257527,122.23131151555572,103.7639583931065
2017-04-28,2017-05-05,2017,238.12,0.0942,0.1293,1.3726114649681527,230,225.0,0.006800039257541916,0.0,0.006800039257541916,True,1.2867360446044274,True,0.006800039257541916,0.006800039257541916,3.5092931289967795,3.3934203051832945,124.07059080985603,103.82295858985464
2017-05-05,2017-05-12,2017,239.68,0.1144,0.1285,1.1232517482517483,230,225.0,0.008570264644939245,0.0,0.008570264644939245,True,1.288546007947778,False,0.008570264644939245,0.0,3.5178633936417185,3.3934203051832945,124.8834167869406,103.88199233412037
2017-05-12,2017-05-19,2017,239.05,0.094,0.1297,1.3797872340425532,230,225.0,0.002774167516899736,0.0,0.002774167516899736,True,1.284871233887036,True,0.002774167516899736,0.002774167516899736,3.520637561158618,3.396194472700194,124.55516014234875,103.94105964497875
2017-05-19,2017-05-26,2017,238.27,0.10980000000000001,0.1349,1.2285974499089252,230,225.0,0.018175913408807552,0.0,0.018175913408807552,True,1.2866811972303864,False,0.018175913408807552,0.0,3.5388134745674256,3.396194472700194,124.14874715380647,104.0001605415158
2017-05-26,2017-06-02,2017,241.73,0.076,0.1244,1.6368421052631579,230,225.0,4.283747439909689e-06,0.0,4.283747439909689e-06,True,1.2834981349401542,True,4.283747439909689e-06,4.283747439909689e-06,3.5388177583148654,3.396198756447634,125.95155348759658,104.0592950428283
2017-06-02,2017-06-09,2017,244.14,0.08470000000000001,0.1246,1.471074380165289,235,230.0,0.0011064711181876128,0.0,0.0011064711181876128,True,1.2848163865129951,True,0.0011064711181876128,0.0011064711181876128,3.539924229433053,3.3973052275658215,127.20726541373364,104.11846316802395
2017-06-09,2017-06-16,2017,243.5208,0.10369999999999999,0.12960000000000002,1.2497589199614276,235,230.0,0.01190747939117915,0.0,0.01190747939117915,True,1.2866263498563455,False,0.01190747939117915,0.0,3.551831708824232,3.3973052275658215,126.88463602590623,104.17766493622132
2017-06-16,2017-06-23,2017,242.64,0.0833,0.12710000000000002,1.5258103241296521,235,230.0,0.004726750969845673,0.0,0.004726750969845673,True,1.2834646663387441,True,0.004726750969845673,0.004726750969845673,3.556558459794078,3.402031978535667,126.42570197422924,104.23690036654976
2017-06-23,2017-06-30,2017,243.16,0.08380000000000001,0.12359999999999999,1.4749403341288778,235,230.0,0.0028988663391623206,0.0,0.0028988663391623206,True,1.2847615391389542,True,0.0028988663391623206,0.0028988663391623206,3.55945732613324,3.4049308448748294,126.69664396659077,104.29616947814961
2017-06-30,2017-07-07,2017,241.79,0.0993,0.13140000000000002,1.3232628398791542,230,225.0,0.00030486565793179225,0.0,0.00030486565793179225,True,1.2865715024823046,True,0.00030486565793179225,0.00030486565793179225,3.559762191791172,3.4052357105327613,125.98281602517676,104.35547229017203
2017-07-07,2017-07-14,2017,242.1,0.0926,0.1352,1.4600431965442764,230,225.0,8.005831028277415e-05,0.0,8.005831028277415e-05,True,1.2883814658256552,True,8.005831028277415e-05,8.005831028277415e-05,3.559842250101455,3.405315768843044,126.14433913600767,104.41480882177912
2017-07-14,2017-07-21,2017,245.51,0.0755,0.1223,1.6198675496688744,235,230.0,3.959774369497016e-05,0.0,3.959774369497016e-05,True,1.290925750465383,True,3.959774369497016e-05,3.959774369497016e-05,3.55988184784515,3.4053553665867393,127.92109335514763,104.47417909214376
2017-07-21,2017-07-28,2017,246.83,0.071,0.1206,1.6985915492957748,235,230.0,1.3611594569873862e-06,0.0,1.3611594569873862e-06,True,1.2957647891562907,True,1.3611594569873862e-06,1.3611594569873862e-06,3.559883209004607,3.4053567277461965,128.6088691819115,104.53358312044986
2017-07-28,2017-08-04,2017,246.89,0.0855,0.1258,1.4713450292397658,235,230.0,4.255233188079449e-05,0.0,4.255233188079449e-05,True,1.300603827847198,True,4.255233188079449e-05,4.255233188079449e-05,3.559925761336488,3.4053992800780772,128.64013171949168,104.5930209258922
2017-08-04,2017-08-11,2017,247.39,0.0858,0.1275,1.486013986013986,235,230.0,2.2947014098109564e-05,0.0,2.2947014098109564e-05,True,1.3057356543120455,True,2.2947014098109564e-05,2.2947014098109564e-05,3.559948708350586,3.4054222270921755,128.90065286599312,104.65249252767643
2017-08-11,2017-08-18,2017,244.11,0.1553,0.16390000000000002,1.0553766902768835,235,230.0,0.08124737384917935,0.0,0.08124737384917935,True,1.311954978222955,False,0.08124737384917935,0.0,3.6411960821997655,3.4054222270921755,127.19163414494355,104.71199794501918
2017-08-18,2017-08-25,2017,242.71,0.1317,0.1565,1.1883067577828397,235,230.0,0.07735850294465041,0.0,0.07735850294465041,True,1.30045719031111,False,0.07735850294465041,0.0,3.7185545851444157,3.4054222270921755,126.46217493473945,104.77153719714795
2017-08-25,2017-09-01,2017,244.52,0.0897,0.1399,1.5596432552954291,235,230.0,0.0013511851078568534,0.0,0.0013511851078568534,True,1.290632475393207,True,0.0013511851078568534,0.0013511851078568534,3.7199057702522724,3.406773412200032,127.40526148507475,104.83111030330126
2017-09-01,2017-09-08,2017,247.81,0.0794,0.1359,1.7115869017632241,240,235.0,0.0031379652901267862,0.0,0.0031379652901267862,True,1.2954715140841144,True,0.0031379652901267862,0.0031379652901267862,3.723043735542399,3.409911377490159,129.11949062905435,104.89071728272843
2017-09-08,2017-09-15,2017,246.54,0.11289999999999999,0.1469,1.301151461470328,235,230.0,0.002144084589266781,0.0,0.002144084589266781,True,1.3003105527750218,True,0.002144084589266781,0.002144084589266781,3.7251878201316657,3.4120554620794254,128.45776691694064,104.95035815468987
2017-09-15,2017-09-22,2017,249.23,0.083,0.12960000000000002,1.5614457831325304,240,235.0,0.0010172965848719402,0.0,0.0010172965848719402,True,1.3013147085860859,True,0.0010172965848719402,0.0010172965848719402,3.7262051167165375,3.4130727586642973,129.8593706851185,105.01003293845686
2017-09-22,2017-09-29,2017,249.45,0.07980000000000001,0.1285,1.6102756892230574,240,235.0,0.0004984144167054148,0.0,0.0004984144167054148,True,1.302392139550089,True,0.0004984144167054148,0.0004984144167054148,3.726703531133243,3.4135711730810026,129.97399998957914,105.06974165331167
2017-09-29,2017-10-06,2017,251.16,0.0795,0.1249,1.571069182389937,240,235.0,5.059759210744904e-05,0.0,5.059759210744904e-05,True,1.3034695705140922,True,5.059759210744904e-05,5.059759210744904e-05,3.72675412872535,3.41362177067311,130.86498231061415,105.12948431854747
2017-10-06,2017-10-13,2017,254.43,0.0788,0.1244,1.5786802030456852,245,240.0,0.0005671904183745804,0.0,0.0005671904183745804,True,1.3051702612292355,True,0.0005671904183745804,0.0005671904183745804,3.7273213191437247,3.4141889610914844,132.5687906087337,105.1892609534685
2017-10-13,2017-10-20,2017,254.88,0.0803,0.1198,1.4919053549190537,245,240.0,0.0004150380739378573,0.0,0.0004150380739378573,True,1.311389585140145,True,0.0004150380739378573,0.0004150380739378573,3.7277363572176627,3.4146039991654225,132.80325964058503,105.24907157738991
2017-10-20,2017-10-27,2017,257.07,0.08410000000000001,0.1185,1.4090368608799047,245,240.0,5.169917238555765e-05,0.0,5.169917238555765e-05,True,1.3176089090510545,True,5.169917238555765e-05,5.169917238555765e-05,3.727788056390048,3.414655698337808,133.94434226226142,105.30891620963784
2017-10-27,2017-11-03,2017,257.6895,0.0861,0.1223,1.4204413472706157,245,240.0,3.413586079106395e-05,0.0,3.413586079106395e-05,True,1.3232658439309606,True,3.413586079106395e-05,3.413586079106395e-05,3.727822192250839,3.4146898341985987,134.26712796277675,105.36879486954946
2017-11-03,2017-11-10,2017,258.45,0.0784,0.1242,1.584183673469388,250,245.0,0.0020722884272862466,0.0,0.0020722884272862466,True,1.3232988885008317,True,0.0020722884272862466,0.0020722884272862466,3.729894480678125,3.416762122625885,134.66338062660546,105.42870757647287
2017-11-10,2017-11-17,2017,258.1,0.10310000000000001,0.1361,1.32007759456838,250,245.0,0.024128955694996346,0.0,0.024128955694996346,True,1.3233319330707027,False,0.024128955694996346,0.0,3.7540234363731213,3.416762122625885,134.48101582405445,105.48865434976722
2017-11-17,2017-11-24,2017,257.87,0.0849,0.138,1.6254416961130742,250,245.0,0.007477222780078813,0.0,0.007477222780078813,True,1.3232648425803584,True,0.007477222780078813,0.007477222780078813,3.7615006591532003,3.424239345405964,134.36117609666377,105.54863520880262
2017-11-24,2017-12-01,2017,260.37,0.0787,0.1242,1.5781448538754765,250,245.0,0.00022965928450473602,0.0,0.00022965928450473602,True,1.3232978871502297,True,0.00022965928450473602,0.00022965928450473602,3.761730318437705,3.4244690046904687,135.66378182917109,105.60865017296028
2017-12-01,2017-12-08,2017,264.46,0.1198,0.1328,1.1085141903171953,255,250.0,0.028704977712213448,0.0,0.028704977712213448,True,1.3233309317201007,False,0.028704977712213448,0.0,3.7904352961499184,3.4244690046904687,137.794844807553,105.66869926163234
2017-12-08,2017-12-15,2017,265.48,0.08439999999999999,0.1246,1.4763033175355453,255,250.0,0.0006353447642782728,0.0,0.0006353447642782728,True,1.3232638412297564,True,0.0006353447642782728,0.0006353447642782728,3.7910706409141968,3.425104349454747,138.32630794641602,105.728782494222
2017-12-15,2017-12-22,2017,266.53,0.0825,0.1208,1.4642424242424241,255,250.0,0.00014211561095341652,0.0,0.00014211561095341652,True,1.3232968857996275,True,0.00014211561095341652,0.00014211561095341652,3.7912127565251503,3.4252464650657006,138.87340235406907,105.78889989014351
2017-12-22,2017-12-29,2017,267.49,0.0751,0.1249,1.663115845539281,255,250.0,8.165022699375026e-06,0.0,8.165022699375026e-06,True,1.3233299303694985,True,8.165022699375026e-06,8.165022699375026e-06,3.7912209215478496,3.4252546300884,139.37360295535188,105.84905146882213
2017-12-29,2018-01-05,2017,266.94,0.1042,0.1309,1.2562380038387715,255,250.0,0.001643275275902573,0.0,0.001643275275902573,True,1.3233629749393696,False,0.001643275275902573,0.0,3.792864196823752,3.4252546300884,139.08702969420028,105.90923724969419
2018-01-05,2018-01-12,2018,273.4,0.077,0.1206,1.5662337662337662,265,260.0,0.0032639464597446046,0.0,0.0032639464597446046,True,1.3232958844490252,True,0.0032639464597446046,0.0032639464597446046,3.796128143283497,3.4285185765481447,142.45296290699915,105.96945725220705
2018-01-12,2018-01-19,2018,277.94,0.0868,0.122,1.4055299539170507,265,260.0,0.00010415827394243975,0.0,0.00010415827394243975,True,1.3233289290188963,True,0.00010415827394243975,0.00010415827394243975,3.7962323015574393,3.428622734822087,144.81849491723244,106.02971149581917
2018-01-19,2018-01-26,2018,280.39,0.1041,0.1304,1.2526416906820363,270,265.0,0.00924363813578722,0.0,0.00924363813578722,True,1.3233619735887674,False,0.00924363813578722,0.0,3.8054759396932267,3.428622734822087,146.0950485350896,106.08999999999999
2018-01-26,2018-02-02,2018,286.56,0.10460000000000001,0.1346,1.2868068833652007,275,270.0,0.004918610983204435,0.0,0.004918610983204435,True,1.323294883098423,False,0.004918610983204435,0.0,3.810394550676431,3.428622734822087,149.30987948291764,106.15032278423013
2018-02-02,2018-02-09,2018,275.51,0.1886,0.1703,0.9029692470837752,265,260.0,0.16893774292486174,3.259999999999991,-3.091062257075129,False,1.3221480040203832,False,-3.091062257075129,0.0,0.719332293601302,3.428622734822087,143.55236214523532,106.2106798680012
2018-02-09,2018-02-16,2018,261.74,0.3164,0.2492,0.7876106194690266,250,245.0,0.3768923690440271,0.0,0.3768923690440271,True,1.3197643707527222,False,0.3768923690440271,0.0,1.0962246626453291,3.428622734822087,136.37760977058508,106.2710712708159
2018-02-16,2018-02-23,2018,273.16,0.1868,0.1917,1.0262312633832977,260,255.0,0.062295196640592354,0.0,0.062295196640592354,True,1.309271372928185,False,0.062295196640592354,0.0,1.1585198592859216,3.428622734822087,142.32791275667847,106.33149701218807
2018-02-23,2018-03-02,2018,274.65,0.14980000000000002,0.175,1.1682242990654204,265,260.0,0.09798468597879229,0.0,0.09798468597879229,True,1.303241024552031,False,0.09798468597879229,0.0,1.256504545264714,3.428622734822087,143.1042657732528,106.39195711164263
2018-03-02,2018-03-09,2018,269.08,0.1887,0.1986,1.0524642289348172,260,255.0,0.24149373682773234,0.0,0.24149373682773234,True,1.3008094971315185,False,0.24149373682773234,0.0,1.4979982820924462,3.428622734822087,140.20206020122654,106.45245158871552
2018-03-09,2018-03-16,2018,278.76,0.1353,0.17010000000000003,1.2572062084257207,270,265.0,0.10132520585688876,0.0,0.10132520585688876,True,1.2931722935647731,False,0.10132520585688876,0.0,1.599323487949335,3.428622734822087,145.24574959749484,106.51298046295395
2018-03-16,2018-03-23,2018,274.22,0.1493,0.17739999999999997,1.18821165438714,265,260.0,0.11456988552979985,5.0,-4.8854301144702,False,1.2886627164564315,False,-4.8854301144702,0.0,-3.2861066265208647,3.428622734822087,142.88021758726157,106.5735437539161
2018-03-23,2018-03-29,2018,258.015,0.2822,0.2279,0.8075832742735648,250,245.0,0.5319283875153982,0.0,0.5319283875153982,True,1.286705324541496,False,0.5319283875153982,0.0,-2.7541782390054665,3.428622734822087,134.4367272291492,106.63414148117134
2018-04-06,2018-04-13,2018,259.7,0.2306,0.212,0.9193408499566348,250,245.0,0.30238423115626656,0.0,0.30238423115626656,True,1.285004214244444,False,0.30238423115626656,0.0,-2.4517940078492,3.428622734822087,135.3146834928591,106.69477366430012
2018-04-13,2018-04-20,2018,265.11,0.1636,0.1855,1.1338630806845966,255,250.0,0.09829846653960272,0.0,0.09829846653960272,True,1.2829961059190031,False,0.09829846653960272,0.0,-2.3534955413095973,3.428622734822087,138.13352229800492,106.75544032289407
2018-04-20,2018-04-27,2018,266.66,0.1623,0.1772,1.0918052988293283,255,250.0,0.05084021153039475,0.0,0.05084021153039475,True,1.279735310421286,False,0.05084021153039475,0.0,-2.3026553297792027,3.428622734822087,138.94113785215947,106.81614147655598
2018-04-27,2018-05-04,2018,266.58,0.1444,0.17079999999999998,1.1828254847645427,255,250.0,0.027849545241072443,0.0,0.027849545241072443,True,1.263846364803361,False,0.027849545241072443,0.0,-2.27480578453813,3.428622734822087,138.89945446871923,106.87687714489968
2018-05-04,2018-05-11,2018,265.92,0.1386,0.16649999999999998,1.201298701298701,255,250.0,0.030515093661796666,0.0,0.030515093661796666,True,1.2568286086368106,False,0.030515093661796666,0.0,-2.2442906908763334,3.428622734822087,138.5555665553373,106.9376473475503
2018-05-11,2018-05-18,2018,272.64,0.1124,0.1482,1.3185053380782918,260,255.0,0.0024884074130243896,0.0,0.0024884074130243896,True,1.2560222250493673,True,0.0024884074130243896,0.0024884074130243896,-2.241802283463309,3.4311111422351113,142.05697076431693,106.99845210414396
2018-05-18,2018-05-25,2018,271.34,0.1148,0.1519,1.3231707317073171,260,255.0,0.00757143096966276,0.0,0.00757143096966276,True,1.2564994190772478,True,0.00757143096966276,0.00757143096966276,-2.2342308524936465,3.438682573204774,141.37961578341313,107.0592914343281
2018-05-25,2018-06-01,2018,272.21,0.11460000000000001,0.1483,1.2940663176265268,260,255.0,0.004083201158568415,0.0,0.004083201158568415,True,1.256818926590941,True,0.004083201158568415,0.004083201158568415,-2.230147651335078,3.4427657743633424,141.83292257832565,107.12016535776125
2018-06-01,2018-06-08,2018,273.61,0.1144,0.1527,1.3347902097902098,265,260.0,0.0453718722987036,0.0,0.0453718722987036,True,1.2571384341046343,True,0.0453718722987036,0.0453718722987036,-2.184775779036374,3.488137646662046,142.56238178852976,107.18107389411315
2018-06-08,2018-06-15,2018,278.22,0.11560000000000001,0.146,1.2629757785467126,265,260.0,0.0026069288213889322,0.0,0.0026069288213889322,True,1.263372067919244,False,0.0026069288213889322,0.0,-2.1821688502149854,3.488137646662046,144.96438675927328,107.2420170630647
2018-06-15,2018-06-22,2018,277.03,0.1084,0.1442,1.330258302583026,265,260.0,0.0033725319579407404,0.0,0.0033725319579407404,True,1.2606102547971059,True,0.0033725319579407404,0.0033725319579407404,-2.1787963182570445,3.491510178619987,144.34434643059976,107.30299488430795
2018-06-22,2018-06-29,2018,274.76,0.1216,0.155,1.274671052631579,265,260.0,0.0336816294426486,0.0,0.0336816294426486,True,1.2625142129370333,True,0.0336816294426486,0.0336816294426486,-2.1451146888143957,3.525191808062636,143.16158042548312,107.36400737754626
2018-06-29,2018-07-06,2018,271.34,0.1493,0.1714,1.1480241125251174,260,255.0,0.04252459384682317,0.0,0.04252459384682317,True,1.2658995970679292,False,0.04252459384682317,0.0,-2.1025900949675727,3.525191808062636,141.37961578341313,107.42505456249411
2018-07-06,2018-07-13,2018,275.36,0.1149,0.15710000000000002,1.3672758920800698,265,260.0,0.01668616931200774,0.0,0.01668616931200774,True,1.2605525590958961,True,0.01668616931200774,0.01668616931200774,-2.0859039256555647,3.541877977374644,143.47420580128488,107.48613645887721
2018-07-13,2018-07-20,2018,279.56,0.1007,0.1454,1.4438927507447865,270,265.0,0.012883286302908456,0.0,0.012883286302908456,True,1.2624565172358233,True,0.012883286302908456,0.012883286302908456,-2.0730206393526562,3.5547612636775523,145.66258343189716,107.54725308643248
2018-07-20,2018-07-27,2018,279.72,0.1101,0.1508,1.3696639418710261,270,265.0,0.02129976274424708,0.0,0.02129976274424708,True,1.2657826443270805,True,0.02129976274424708,0.02129976274424708,-2.051720876608409,3.5760610264217996,145.74595019877765,107.60840446490806
2018-07-27,2018-08-03,2018,281.46,0.1159,0.15,1.2942191544434858,270,265.0,0.010332006126745723,0.0,0.010332006126745723,True,1.2696420847750864,True,0.010332006126745723,0.010332006126745723,-2.041388870481663,3.5863930325485454,146.6525637886027,107.66959061406337
2018-08-03,2018-08-10,2018,283.62,0.0958,0.1449,1.512526096033403,275,270.0,0.020038296924622043,0.0,0.020038296924622043,True,1.2735015252230923,True,0.020038296924622043,0.020038296924622043,-2.021350573557041,3.6064313294731676,147.77801514148902,107.73081155366897
2018-08-10,2018-08-17,2018,283.16,0.1309,0.1522,1.1627196333078686,270,265.0,0.009444951234425708,0.0,0.009444951234425708,True,1.276108552631579,False,0.009444951234425708,0.0,-2.0119056223226153,3.6064313294731676,147.5383356867077,107.79206730350673
2018-08-17,2018-08-24,2018,285.02,0.1157,0.1517,1.3111495246326708,275,270.0,0.027521734412029653,0.0,0.027521734412029653,True,1.2695251320342378,True,0.027521734412029653,0.027521734412029653,-1.9843838879105857,3.633953063885197,148.50747435169313,107.85335788336977
2018-08-24,2018-08-31,2018,287.52,0.1017,0.1482,1.4572271386430677,275,270.0,0.0018194529868609689,0.0,0.0018194529868609689,True,1.2733845724822437,True,0.0018194529868609689,0.0018194529868609689,-1.9825644349237248,3.6357725168720583,149.81008008420042,107.9146833130624
2018-08-31,2018-09-07,2018,290.27,0.1101,0.1515,1.3760217983651226,280,275.0,0.019651072997047173,0.0,0.019651072997047173,True,1.2760460526315789,True,0.019651072997047173,0.019651072997047173,-1.9629133619266776,3.6554235898691054,151.24294638995846,107.9760436124003
2018-09-07,2018-09-14,2018,287.53,0.1349,0.1659,1.2297998517420312,275,270.0,0.018969177027629597,0.0,0.018969177027629597,True,1.278108552631579,False,0.018969177027629597,0.0,-1.943944184899048,3.6554235898691054,149.81529050713044,108.03743880121029
2018-09-14,2018-09-21,2018,290.92,0.0993,0.1437,1.447129909365559,280,275.0,0.005897116503260014,0.0,0.005897116503260014,True,1.273267619741395,True,0.005897116503260014,0.005897116503260014,-1.938047068395788,3.6613207063723654,151.58162388041038,108.09886889933058
2018-09-21,2018-09-28,2018,292.04,0.1063,0.1458,1.3715898400752589,280,275.0,0.004765418546804758,0.0,0.004765418546804758,True,1.275983552631579,True,0.004765418546804758,0.004765418546804758,-1.9332816498489833,3.66608612491917,152.16519124857368,108.16033392661058
2018-09-28,2018-10-05,2018,290.57,0.1117,0.1477,1.3222918531781558,280,275.0,0.018083597958924696,0.0,0.018083597958924696,True,1.2780460526315789,True,0.018083597958924696,0.018083597958924696,-1.9151980518900587,3.684169722878095,151.39925907785934,108.221833902911
2018-10-05,2018-10-12,2018,287.81,0.14859999999999998,0.1625,1.0935397039030956,275,270.0,0.030290628711634626,0.0,0.030290628711634626,True,1.280108552631579,False,0.030290628711634626,0.0,-1.884907423178424,3.684169722878095,149.96118234917128,108.2833688481039
2018-10-12,2018-10-19,2018,276.01,0.2284,0.1984,0.8686514886164624,265,260.0,0.25668530394095956,0.0,0.25668530394095956,True,1.275921052631579,False,0.25668530394095956,0.0,-1.6282221192374644,3.684169722878095,143.8128832917368,108.34493878207256
2018-10-19,2018-10-26,2018,276.1797,0.2113,0.1984,0.938949361097965,265,260.0,0.19849603087507806,0.0,0.19849603087507806,True,1.2691742738116918,False,0.19849603087507806,0.0,-1.4297260883623863,3.684169722878095,143.90130416885938,108.40654372471161
2018-10-26,2018-11-02,2018,265.22,0.2989,0.2248,0.75209100033456,255,250.0,0.473310335189268,0.0,0.473310335189268,True,1.2621680387297738,False,0.473310335189268,0.0,-0.9564157531731183,3.684169722878095,138.19083695023528,108.468183695927
2018-11-02,2018-11-09,2018,271.8,0.21170000000000003,0.203,0.958904109589041,260,255.0,0.1566961601638086,0.0,0.1566961601638086,True,1.2583024267487093,False,0.1566961601638086,0.0,-0.7997195930093097,3.684169722878095,141.6192952381945,108.52985871563594
2018-11-09,2018-11-16,2018,277.82,0.1563,0.18460000000000001,1.181062060140755,265,260.0,0.031787648605430985,0.0,0.031787648605430985,True,1.2567414702239852,False,0.031787648605430985,0.0,-0.7679319444038788,3.684169722878095,144.7559698420721,108.59156880376706
2018-11-16,2018-11-23,2018,273.73,0.1635,0.1935,1.18348623853211,265,260.0,0.1881539324525061,1.6800000000000068,-1.4918460675475007,False,1.2556985568652612,False,-1.4918460675475007,0.0,-2.2597780119513793,3.684169722878095,142.62490686369011,108.65331398026024
2018-11-23,2018-11-30,2018,263.32,0.21420000000000003,0.2175,1.015406162464986,255,250.0,0.3791030960346653,0.0,0.3791030960346653,True,1.2532890270502486,False,0.3791030960346653,0.0,-1.880674915916714,3.684169722878095,137.2008565935297,108.71509426506671
2018-11-30,2018-12-07,2018,275.685,0.2211,0.1889,0.8543645409317052,265,260.0,0.25552850001760685,1.339999999999975,-1.0844714999823681,False,1.2520196003378496,False,-1.0844714999823681,0.0,-2.965146415899082,3.684169722878095,143.64354454651084,108.77690967814908
2018-12-07,2018-12-14,2018,263.66,0.2747,0.22440000000000002,0.8168911539861667,255,250.0,0.550419144584124,0.0,0.550419144584124,True,1.2511140067767044,False,0.550419144584124,0.0,-2.414727271314958,3.684169722878095,137.3780109731507,108.83876023948129
2018-12-14,2018-12-21,2018,260.57,0.2208,0.21960000000000002,0.9945652173913044,250,245.0,0.21642660367234257,5.0,-4.783573396327657,False,1.2500331637216622,False,-4.783573396327657,0.0,-7.198300667642616,3.684169722878095,135.76799028777165,108.90064596904865
2018-12-21,2018-12-28,2018,240.61,0.33030000000000004,0.2623,0.7941265516197394,230,225.0,0.4062727052650885,0.0,0.4062727052650885,True,1.248611711502012,False,0.4062727052650885,0.0,-6.792027962377527,3.684169722878095,125.36798611943331,108.9625668868478
2018-12-28,2019-01-04,2018,247.73,0.3164,0.2532,0.800252844500632,240,235.0,0.6974710302478861,0.0,0.6974710302478861,True,1.245805373590929,False,0.6974710302478861,0.0,-6.094556932129641,3.684169722878095,129.07780724561414,109.02452301288679
2019-01-04,2019-01-11,2019,252.39,0.20850000000000002,0.2186,1.0484412470023978,240,235.0,0.08693366347967113,0.0,0.08693366347967113,True,1.2392664516343566,False,0.08693366347967113,0.0,-6.0076232686499695,3.684169722878095,131.50586433100776,109.08651436718502
2019-01-11,2019-01-18,2019,258.81,0.15960000000000002,0.1974,1.2368421052631577,250,245.0,0.13485639477567157,0.0,0.13485639477567157,True,1.233880101918177,True,0.13485639477567157,0.13485639477567157,-5.872766873874298,3.8190261176537668,134.8509558520865,109.1485409697733
2019-01-18,2019-01-25,2019,266.42,0.15039999999999998,0.1884,1.2526595744680853,255,250.0,0.03794290645351933,0.0,0.03794290645351933,True,1.235647476462417,True,0.03794290645351933,0.03794290645351933,-5.834823967420778,3.8569690241072863,138.81608770183877,109.21060284069375
2019-01-25,2019-02-01,2019,265.78,0.16390000000000002,0.1882,1.148261134838316,255,250.0,0.07628151502154823,0.0,0.07628151502154823,True,1.2369715271786021,False,0.07628151502154823,0.0,-5.75854245239923,3.8569690241072863,138.48262063431687,109.2727
2019-02-01,2019-02-08,2019,270.08,0.1409,0.1759,1.248403122782115,260,255.0,0.056209046703569965,0.0,0.056209046703569965,True,1.233390955394351,True,0.056209046703569965,0.056209046703569965,-5.7023334056956605,3.913178070810856,140.72310249422947,109.33483246775704
2019-02-08,2019-02-15,2019,270.54,0.1361,0.1726,1.2681851579720793,260,255.0,0.037627777334382495,0.0,0.037627777334382495,True,1.235581108195709,True,0.037627777334382495,0.037627777334382495,-5.664705628361278,3.9508058481452384,140.96278194901083,109.39700026404122
2019-02-15,2019-02-22,2019,277.38,0.12179999999999999,0.1648,1.3530377668308704,265,260.0,0.007287688170113209,0.0,0.007287688170113209,True,1.2369628990509058,True,0.007287688170113209,0.007287688170113209,-5.657417940191165,3.9580935363153515,144.5267112331508,109.45920340894037
2019-02-22,2019-03-01,2019,279.16,0.1149,0.15460000000000002,1.3455178416013927,270,265.0,0.038142514013603246,0.0,0.038142514013603246,True,1.2372476272648836,True,0.038142514013603246,0.038142514013603246,-5.619275426177562,3.996236050328955,145.45416651469603,109.5214419225537
2019-03-01,2019-03-08,2019,280.41,0.1133,0.15380000000000002,1.3574580759046782,270,265.0,0.016856471304149218,0.0,0.016856471304149218,True,1.237532355478861,True,0.016856471304149218,0.016856471304149218,-5.6024189548734125,4.013092521633104,146.10546938094967,109.58371582499188
2019-03-08,2019-03-15,2019,274.49,0.1463,0.1711,1.1695146958304852,265,260.0,0.09478159810086706,0.0,0.09478159810086706,True,1.2389736640840623,False,0.09478159810086706,0.0,-5.507637356772546,4.013092521633104,143.02089900637233,109.646025136377
2019-03-15,2019-03-22,2019,281.34,0.11220000000000001,0.14980000000000002,1.3351158645276293,270,265.0,0.008696638031609263,0.0,0.008696638031609263,True,1.2372389991371873,True,0.008696638031609263,0.008696638031609263,-5.498940718740936,4.0217891596647135,146.59003871344234,109.70836987684258
2019-03-22,2019-03-29,2019,279.34,0.1685,0.17370000000000002,1.030860534124629,270,265.0,0.1813948030497099,0.0,0.1813948030497099,True,1.2375237273511648,False,0.1813948030497099,0.0,-5.317545915691227,4.0217891596647135,145.5479541274365,109.77075006653358
2019-03-29,2019-04-05,2019,282.45,0.1234,0.158,1.280388978930308,270,265.0,0.009080251608404255,0.0,0.009080251608404255,True,1.2369456427955132,True,0.009080251608404255,0.009080251608404255,-5.3084656640828225,4.030869411273118,147.16839565867562,109.83316572560649
2019-04-05,2019-04-12,2019,288.52,0.1012,0.1506,1.4881422924901186,275,270.0,0.0007588938622353669,0.0,0.0007588938622353669,True,1.237230371009491,True,0.0007588938622353669,0.0007588938622353669,-5.307706770220587,4.031628305135353,150.33112237720334,109.89561687422913
2019-04-12,2019-04-18,2019,290.13,0.0974,0.1446,1.484599589322382,280,275.0,0.004562068537665791,0.0,0.004562068537665791,True,1.2375150992234687,True,0.004562068537665791,0.004562068537665791,-5.303144701682921,4.036190373673019,151.17000046893807,109.9581035325809
2019-04-26,2019-05-03,2019,293.41,0.11810000000000001,0.1489,1.260795935647756,280,275.0,0.0048221053872882225,0.0,0.0048221053872882225,True,1.238778472383866,True,0.0048221053872882225,0.0048221053872882225,-5.298322596295633,4.041012479060307,152.87901918998767,110.02062572085268
2019-05-03,2019-05-10,2019,293.98,0.1096,0.1507,1.375,285,280.0,0.044610251355760855,0.0,0.044610251355760855,True,1.2419991354371032,True,0.044610251355760855,0.044610251355760855,-5.253712344939872,4.085622730416068,153.17601329699932,110.08318345924668
2019-05-10,2019-05-17,2019,288.03,0.16570000000000001,0.16899999999999998,1.0199155099577548,275,270.0,0.050029586074815446,0.0,0.050029586074815446,True,1.2452197984903401,False,0.050029586074815446,0.0,-5.203682758865057,4.085622730416068,150.07581165363192,110.14577676797681
2019-05-17,2019-05-24,2019,285.94,0.16260000000000002,0.17059999999999997,1.0492004920049198,275,270.0,0.0998326658952502,0.0,0.0998326658952502,True,1.238680876533768,False,0.0998326658952502,0.0,-5.1038500929698065,4.085622730416068,148.9868332612558,110.20840566726828
2019-05-24,2019-05-31,2019,282.95,0.1536,0.1709,1.1126302083333335,270,265.0,0.030632907912106766,0.0,0.030632907912106766,True,1.2372131147540983,False,0.030632907912106766,0.0,-5.0732171850576995,4.085622730416068,147.42891680517707,110.27107017735796
2019-05-31,2019-06-07,2019,275.37,0.19,0.1883,0.9910526315789473,265,260.0,0.18038217869095519,0.0,0.18038217869095519,True,1.23524926686217,False,0.18038217869095519,0.0,-4.892835006366744,4.085622730416068,143.47941622421493,110.33377031849409
2019-06-07,2019-06-14,2019,287.58,0.1502,0.17149999999999999,1.1418109187749665,275,270.0,0.03565277511925935,0.0,0.03565277511925935,True,1.2308025929927457,False,0.03565277511925935,0.0,-4.857182231247485,4.085622730416068,149.8413426217806,110.39650611093654
2019-06-14,2019-06-21,2019,289.23,0.1356,0.166,1.224188790560472,280,275.0,0.09902452935910433,0.0,0.09902452935910433,True,1.2299701310191757,False,0.09902452935910433,0.0,-4.758157701888381,4.085622730416068,150.70106240523543,110.45927757495662
2019-06-21,2019-06-28,2019,294.0,0.1483,0.16670000000000001,1.1240728253540124,285,280.0,0.16295013051602547,0.0,0.16295013051602547,True,1.2294992512837548,False,0.16295013051602547,0.0,-4.595207571372356,4.085622730416068,153.18643414285938,110.52208473083721
2019-06-28,2019-07-05,2019,293.1,0.1567,0.1606,1.0248883216336948,280,275.0,0.04042080077586052,0.0,0.04042080077586052,True,1.2286936420555736,False,0.04042080077586052,0.0,-4.554786770596495,4.085622730416068,152.71749607915677,110.58492759887267
2019-07-05,2019-07-12,2019,298.27,0.1057,0.14980000000000002,1.4172185430463577,285,280.0,0.002235091849086052,0.0,0.002235091849086052,True,1.2259963408933379,True,0.002235091849086052,0.002235091849086052,-4.552551678747409,4.087857822265154,155.41128473398186,110.64780619936894
2019-07-12,2019-07-19,2019,300.65,0.09880000000000001,0.14800000000000002,1.4979757085020242,290,285.0,0.009254698410817025,0.0,0.009254698410817025,True,1.2274511984783274,True,0.009254698410817025,0.009254698410817025,-4.543296980336592,4.097112520675971,156.6513653913288,110.71072055264352
2019-07-19,2019-07-26,2019,297.26,0.1356,0.1593,1.174778761061947,285,280.0,0.028637698586141014,0.0,0.028637698586141014,True,1.2286816180372426,False,0.028637698586141014,0.0,-4.514659281750451,4.097112520675971,154.88503201804892,110.77367067902546
2019-07-26,2019-08-02,2019,301.96,0.11539999999999999,0.1469,1.2729636048526864,290,285.0,0.01306465448641457,0.0,0.01306465448641457,True,1.2259522542998533,True,0.01306465448641457,0.01306465448641457,-4.501594627264037,4.110177175162385,157.33393079516262,110.83665659885531
2019-08-02,2019-08-09,2019,292.62,0.1769,0.1789,1.0113058224985867,280,275.0,0.08633214205793016,0.0,0.08633214205793016,True,1.2274071118848429,False,0.08633214205793016,0.0,-4.415262485206107,4.110177175162385,152.46739577851534,110.89967833248527
2019-08-09,2019-08-16,2019,291.6,0.1775,0.1856,1.0456338028169014,280,275.0,0.12197382162810166,0.0,0.12197382162810166,True,1.2244533101213793,False,0.12197382162810166,0.0,-4.293288663578005,4.110177175162385,151.93593263965238,110.96273590027903
2019-08-16,2019-08-23,2019,288.81,0.18359999999999999,0.19699999999999998,1.0729847494553377,280,275.0,0.3035730974615598,0.0,0.3035730974615598,True,1.2102258361107918,False,0.3035730974615598,0.0,-3.9897155661164456,4.110177175162385,150.4822246421742,111.02582932261194
2019-08-23,2019-08-30,2019,284.88,0.2155,0.2036,0.9447795823665893,275,270.0,0.3249019663386328,0.0,0.3249019663386328,True,1.1999445406141551,False,0.3249019663386328,0.0,-3.664813599777813,4.110177175162385,148.4345284306727,111.08895861987085
2019-08-30,2019-09-06,2019,292.4527,0.18600000000000003,0.1954,1.050537634408602,280,275.0,0.1115227657993838,0.0,0.1115227657993838,True,1.196704227547563,False,0.1115227657993838,0.0,-3.553290833978429,4.110177175162385,152.38022540289595,111.15212381245428
2019-09-06,2019-09-13,2019,298.05,0.12390000000000001,0.1746,1.4092009685230023,285,280.0,0.010346861350262304,0.0,0.010346861350262304,True,1.1914059068184117,True,0.010346861350262304,0.010346861350262304,-3.5429439726281666,4.120524036512648,155.29665542952122,111.2153249207723
2019-09-13,2019-09-20,2019,300.99,0.12619999999999998,0.16670000000000001,1.3209191759112524,290,285.0,0.0385319669241343,0.0,0.0385319669241343,True,1.1940972730861454,True,0.0385319669241343,0.0385319669241343,-3.504412005704032,4.159056003436782,156.8285197709498,111.27856196524661
2019-09-20,2019-09-27,2019,298.08,0.14679999999999999,0.1771,1.2064032697547686,285,280.0,0.03157866827342087,0.0,0.03157866827342087,True,1.1966558646659722,True,0.03157866827342087,0.03157866827342087,-3.4728333374306115,4.190634671710203,155.3122866983113,111.3418349663105
2019-09-27,2019-10-04,2019,295.41,0.1677,0.1875,1.118067978533095,285,280.0,0.15585442300725427,0.0,0.15585442300725427,True,1.1982518397584727,False,0.15585442300725427,0.0,-3.3169789144233572,4.190634671710203,153.92110377599352,111.4051439444089
2019-10-04,2019-10-11,2019,294.3,0.16269999999999998,0.1859,1.1425937307928704,285,280.0,0.1996771124482395,0.0,0.1996771124482395,True,1.1940157165325778,False,0.1996771124482395,0.0,-3.1173018019751177,4.190634671710203,153.34274683076026,111.46848891999835
2019-10-11,2019-10-18,2019,296.25,0.1528,0.17550000000000002,1.1485602094240839,285,280.0,0.08120849795612739,0.0,0.08120849795612739,True,1.1885514274435427,False,0.08120849795612739,0.0,-3.0360933040189906,4.190634671710203,154.35877930211595,111.53186991354703
2019-10-18,2019-10-25,2019,298.09,0.1235,0.16649999999999998,1.3481781376518218,285,280.0,0.009869119884053854,0.0,0.009869119884053854,True,1.188245891609592,True,0.009869119884053854,0.009869119884053854,-3.0262241841349367,4.200503791594257,155.3174971212413,111.59528694553474
2019-10-25,2019-11-01,2019,301.59,0.1033,0.15710000000000002,1.5208131655372703,290,285.0,0.00698522625090877,0.0,0.00698522625090877,True,1.1882772757301727,True,0.00698522625090877,0.00698522625090877,-3.0192389578840277,4.207489017845166,157.14114514675154,111.65874003645297
2019-11-01,2019-11-08,2019,306.17,0.0984,0.1542,1.5670731707317074,295,290.0,0.007238126193837513,0.0,0.007238126193837513,True,1.188469870889975,True,0.007238126193837513,0.007238126193837513,-3.01200083169019,4.214727144039004,159.52751884870494,111.72222920680481
2019-11-08,2019-11-15,2019,308.93,0.0932,0.1553,1.6663090128755362,295,290.0,0.00048072701607358964,0.0,0.00048072701607358964,True,1.1911612371577087,True,0.00048072701607358964,0.00048072701607358964,-3.0115201046741165,4.215207871055077,160.965595577393,111.78575447710503
2019-11-15,2019-11-22,2019,311.81,0.0967,0.1499,1.5501551189245089,300,295.0,0.004626552318624855,0.0,0.004626552318624855,True,1.1938526034254424,True,0.004626552318624855,0.004626552318624855,-3.006893552355492,4.219834423373702,162.46619738124144,111.84931586788008
2019-11-22,2019-11-29,2019,311.02,0.0922,0.154,1.670281995661605,300,295.0,0.005402768326546504,0.0,0.005402768326546504,True,1.1965107760211995,True,0.005402768326546504,0.005402768326546504,-3.0014907840289453,4.2252371917002485,162.05457396976914,111.91291339966804
2019-11-29,2019-12-06,2019,314.33,0.11359999999999999,0.1551,1.3653169014084507,300,295.0,0.0036991319237508376,0.0,0.0036991319237508376,True,1.1981067511137,True,0.0036991319237508376,0.0036991319237508376,-2.9977916521051946,4.228936323624,163.7792239596088,111.97654709301872
2019-12-06,2019-12-13,2019,314.83,0.1281,0.16210000000000002,1.265417642466823,305,300.0,0.09054814095969643,0.0,0.09054814095969643,True,1.1997027262062006,True,0.09054814095969643,0.09054814095969643,-2.907243511145498,4.319484464583696,164.03974510611027,112.04021696849355
2019-12-13,2019-12-20,2019,317.29,0.1241,0.1528,1.2312651087832391,305,300.0,0.02580714984692889,0.0,0.02580714984692889,True,1.201298701298701,True,0.02580714984692889,0.02580714984692889,-2.881436361298569,4.345291614430625,165.32150914689748,112.10392304666574
2019-12-20,2019-12-27,2019,320.86,0.09269999999999999,0.1532,1.6526429341963325,310,305.0,0.00842928667284043,0.0,0.00842928667284043,True,1.2029832088892034,True,0.00842928667284043,0.00842928667284043,-2.8730070746257286,4.353720901103466,167.1816301329179,112.16766534812012
2019-12-27,2020-01-03,2019,322.85,0.11,0.1595,1.45,310,305.0,0.009301183972284174,0.0,0.009301183972284174,True,1.2046677164797057,True,0.009301183972284174,0.009301183972284174,-2.8637058906534443,4.36302208507575,168.2185042959937,112.23144389345325
2020-01-03,2020-01-10,2020,322.43,0.1278,0.16010000000000002,1.252738654147105,310,305.0,0.032146474992595264,0.0,0.032146474992595264,True,1.206352224070208,True,0.032146474992595264,0.032146474992595264,-2.8315594156608492,4.395168560068345,167.99966653293248,112.29525870327339
2020-01-10,2020-01-17,2020,325.64,0.1057,0.1495,1.4143803216650899,315,310.0,0.027353892110182992,0.0,0.027353892110182992,True,1.212094636412594,True,0.027353892110182992,0.027353892110182992,-2.8042055235506664,4.422522452178528,169.67221229347186,112.35910979820059
2020-01-17,2020-01-24,2020,332.01,0.0904,0.1441,1.5940265486725664,320,315.0,0.004018192605195495,0.0,0.004018192605195495,True,1.217963858278476,True,0.004018192605195495,0.004018192605195495,-2.800187330945471,4.426540644783723,172.9912516999005,112.42299719886648
2020-01-24,2020-01-31,2020,328.76,0.1465,0.1607,1.0969283276450512,315,310.0,0.044076505231040675,0.0,0.044076505231040675,True,1.223833080144358,False,0.044076505231040675,0.0,-2.7561108257144302,4.426540644783723,171.29786424764097,112.48692092591457
2020-01-31,2020-02-07,2020,321.75,0.21660000000000001,0.1863,0.8601108033240996,310,305.0,0.3072235806341741,0.0,0.3072235806341741,True,1.2119167812045368,False,0.3072235806341741,0.0,-2.448887245080256,4.426540644783723,167.64535777369048,112.55088100000002
2020-02-07,2020-02-14,2020,332.24,0.1373,0.1629,1.1864530225782957,320,315.0,0.06170876223291599,0.0,0.06170876223291599,True,1.2045656251105843,False,0.06170876223291599,0.0,-2.3871784828473404,4.426540644783723,173.11109142729114,112.61487744178976
2020-02-14,2020-02-21,2020,337.6,0.10980000000000001,0.155,1.4116575591985427,325,320.0,0.015374315283820134,0.0,0.015374315283820134,True,1.2011536126539284,True,0.015374315283820134,0.015374315283820134,-2.3718041675635204,4.441914960067543,175.90387811778683,112.67891027196247
2020-02-21,2020-02-28,2020,333.45,0.1577,0.1761,1.1166772352568168,320,315.0,0.07714099435844246,5.0,-4.922859005641557,False,1.2028300718355214,False,-4.922859005641557,0.0,-7.294663173205078,4.441914960067543,173.74155260182468,112.7429795112086
2020-02-28,2020-03-06,2020,296.24,0.529,0.2985,0.5642722117202268,285,280.0,0.8637450270887257,0.0,0.8637450270887257,True,1.1995092746798368,False,0.8637450270887257,0.0,-6.430918146116352,4.441914960067543,154.35356887918593,112.80708518023033
2020-03-06,2020-03-13,2020,297.43,0.4855,0.3546,0.7303810504634398,285,280.0,0.7316863820529811,5.0,-4.268313617947019,False,1.1961361869253377,False,-4.268313617947019,0.0,-10.69923176406337,4.441914960067543,154.9736092078594,112.87122729974166
2020-03-13,2020-03-20,2020,270.2,0.6987000000000001,0.48310000000000003,0.6914269357377987,260,255.0,0.8564877212735489,5.0,-4.143512278726451,False,1.1906718978363027,False,-4.143512278726451,0.0,-14.842744042789821,4.441914960067543,140.78562756938982,112.9354058904683
2020-03-20,2020-03-27,2020,229.4,0.8347,0.6559,0.7857913022642866,220,215.0,0.6014818266089392,0.0,0.6014818266089392,True,1.1882706184924738,False,0.6014818266089392,0.0,-14.241262216180882,4.441914960067543,119.52710201487055,112.99962097314787
2020-03-27,2020-04-03,2020,254.0,0.7232999999999999,0.5575,0.770772846674962,245,240.0,0.889316903613377,0.0,0.889316903613377,True,1.1881237227966976,False,0.889316903613377,0.0,-13.351945312567505,4.441914960067543,132.34474242274246,113.0638725685296
2020-04-03,2020-04-09,2020,247.95,0.46659999999999996,0.4484,0.9609944277753966,240,235.0,0.8406360375432982,0.0,0.8406360375432982,True,1.186945439484772,False,0.8406360375432982,0.0,-12.511309275024207,4.441914960067543,129.19243655007477,113.12816069737468
2020-04-17,2020-04-24,2020,286.54,0.3618,0.3728,1.0304035378662244,275,270.0,0.5874052332518289,0.0,0.5874052332518289,True,1.1852959768002833,False,0.5874052332518289,0.0,-11.923904041772378,4.441914960067543,149.2994586370576,113.192485380456
2020-04-24,2020-05-01,2020,282.89,0.3172,0.37810000000000005,1.1919924337957126,270,265.0,0.3770367998988462,0.0,0.3770367998988462,True,1.183446593306056,True,0.3770367998988462,0.3770367998988462,-11.546867241873532,4.81895175996639,147.3976542675969,113.25684663855836
2020-05-01,2020-05-08,2020,282.83,0.3557,0.3797,1.0674725892606127,270,265.0,0.4581829254455769,0.0,0.4581829254455769,True,1.1842872702245801,False,0.4581829254455769,0.0,-11.088684316427955,4.81895175996639,147.36639173001672,113.32124449247824
2020-05-08,2020-05-15,2020,292.51,0.2489,0.3164,1.271193250301326,280,275.0,0.26991760081749483,0.0,0.26991760081749483,True,1.1832219370250832,True,0.26991760081749483,0.26991760081749483,-10.81876671561046,5.088869360783884,152.410081126285,113.38567896302409
2020-05-15,2020-05-22,2020,286.29,0.29710000000000003,0.34509999999999996,1.1615617637159203,275,270.0,0.46208176944546686,0.0,0.46208176944546686,True,1.1834399857683804,False,0.46208176944546686,0.0,-10.356684946164993,5.088869360783884,149.16919806380685,113.45015007101611
2020-05-22,2020-05-29,2020,295.48,0.2347,0.3154,1.343843204090328,285,280.0,0.37832351537306685,0.0,0.37832351537306685,True,1.1829972807441103,True,0.37832351537306685,0.37832351537306685,-9.978361430791926,5.467192876156951,153.9575767365037,113.51465783728634
2020-05-29,2020-06-05,2020,304.49,0.2459,0.30269999999999997,1.2309882065880438,295,290.0,0.5369253059852284,0.0,0.5369253059852284,True,1.1832153294874075,True,0.5369253059852284,0.5369253059852284,-9.441436124806698,6.00411818214218,158.65216779646005,113.57920228267871
2020-06-05,2020-06-12,2020,319.4,0.2263,0.2742,1.2116659301811754,305,300.0,0.18506560072717804,0.6200000000000045,-0.4349343992728265,False,1.1834333782307047,True,-0.4349343992728265,-0.4349343992728265,-9.876370524079524,5.569183782869353,166.4209083851336,113.64378342804893
2020-06-12,2020-06-19,2020,304.38,0.3652,0.38049999999999995,1.0418948521358158,295,290.0,0.8725643253961408,0.0,0.8725643253961408,True,1.1842279345436566,False,0.8725643253961408,0.0,-9.003806198683383,5.569183782869353,158.59485314422972,113.70840129426465
2020-06-19,2020-06-26,2020,308.54,0.3392,0.3668,1.0813679245283019,295,290.0,0.4714685620028476,0.0,0.4714685620028476,True,1.1832087219497318,False,0.4714685620028476,0.0,-8.532337636680536,5.569183782869353,160.7623890831219,113.77305590220533
2020-06-26,2020-07-02,2020,300.09,0.3331,0.358,1.07475232662864,290,285.0,0.6237053314742518,0.0,0.6237053314742518,True,1.1826667765484018,False,0.6237053314742518,0.0,-7.908632305206284,5.569183782869353,156.35958170724714,113.83774727276233
2020-07-10,2020-07-17,2020,317.64,0.2259,0.3102,1.3731739707835324,305,300.0,0.2694962130638263,0.0,0.2694962130638263,True,1.1814852820504642,True,0.2694962130638263,0.2694962130638263,-7.639136092142458,5.838679995933179,165.50387394944846,113.90247542683885
2020-07-17,2020-07-24,2020,321.7,0.2216,0.3037,1.3704873646209388,310,305.0,0.32739135655440954,0.0,0.32739135655440954,True,1.182067212176314,True,0.32739135655440954,0.32739135655440954,-7.311744735588048,6.166071352487589,167.61930565904035,113.96724038535
2020-07-24,2020-07-31,2020,320.91,0.22699999999999998,0.3056,1.3462555066079296,310,305.0,0.4021135970819376,0.0,0.4021135970819376,True,1.182649142302164,True,0.4021135970819376,0.4021135970819376,-6.909631138506111,6.568184949569527,167.20768224756804,114.03204216922285
2020-07-31,2020-08-07,2020,326.4,0.2061,0.29710000000000003,1.4415332362930617,315,310.0,0.3073675345363611,0.0,0.3073675345363611,True,1.1829774581310832,True,0.3073675345363611,0.3073675345363611,-6.6022636039697495,6.875552484105888,170.06820443615408,114.09688079939622
2020-08-07,2020-08-14,2020,334.57,0.1808,0.2828,1.5641592920353984,320,315.0,0.09850498719770107,0.0,0.09850498719770107,True,1.1831955068743805,True,0.09850498719770107,0.09850498719770107,-6.503758616772048,6.974057471303588,174.32511996998795,114.16175629682097
2020-08-14,2020-08-21,2020,336.85,0.1787,0.2837,1.5875769445998882,325,320.0,0.20784570956878134,0.0,0.20784570956878134,True,1.1834135556176777,True,0.20784570956878134,0.20784570956878134,-6.295912907203267,7.18190318087237,175.51309639803463,114.22666868245983
2020-08-21,2020-08-28,2020,339.45,0.1801,0.2817,1.5641310383120488,325,320.0,0.1077711817187792,0.0,0.1077711817187792,True,1.184138931022271,True,0.1077711817187792,0.1077711817187792,-6.1881417254844875,7.289674362591149,176.86780635984223,114.29161797728742
2020-08-28,2020-09-04,2020,350.57,0.17129999999999998,0.2962,1.7291301809690605,340,335.0,0.29077770352628995,0.0,0.29077770352628995,True,1.185117969757512,True,0.29077770352628995,0.29077770352628995,-5.8973640219581975,7.580452066117439,182.66179665803472,114.3566042022903
2020-09-04,2020-09-11,2020,342.35,0.29410000000000003,0.3475,1.181570894253655,330,325.0,0.5718633635866688,0.0,0.5718633635866688,True,1.1860970084927533,False,0.5718633635866688,0.0,-5.325500658371529,7.580452066117439,178.3788290095507,114.42162737846698
2020-09-11,2020-09-18,2020,334.09,0.2633,0.31129999999999997,1.182301557159134,320,315.0,0.3371792144041894,0.0,0.3371792144041894,True,1.184109263181809,False,0.3371792144041894,0.0,-4.988321443967339,7.580452066117439,174.07501966934655,114.48668752682791
2020-09-18,2020-09-25,2020,330.77,0.2402,0.3046,1.2681099084096585,320,315.0,0.4933634425405522,0.0,0.4933634425405522,True,1.1831822917990291,True,0.4933634425405522,0.4933634425405522,-4.494958001426787,8.07381550865799,172.34515925657686,114.55178466839546
2020-09-25,2020-10-02,2020,328.72,0.2457,0.32030000000000003,1.3036223036223038,315,310.0,0.29483309844163585,0.0,0.29483309844163585,True,1.1834003405423263,True,0.29483309844163585,0.29483309844163585,-4.200124902985151,8.368648607099626,171.27702255592087,114.61691882420399
2020-10-02,2020-10-09,2020,333.88,0.2464,0.3239,1.3145292207792207,320,315.0,0.30195513977367305,0.0,0.30195513977367305,True,1.1840795953413472,True,0.30195513977367305,0.30195513977367305,-3.8981697632114782,8.670603746873299,173.96560078781596,114.6820900152998
2020-10-09,2020-10-16,2020,346.73,0.1885,0.2828,1.50026525198939,335,330.0,0.274572279313535,0.0,0.274572279313535,True,1.1850586340765885,True,0.274572279313535,0.274572279313535,-3.6235974838979432,8.945176026186834,180.6609942529035,114.74729826274117
2020-10-16,2020-10-23,2020,347.32,0.2164,0.2921,1.3498151571164512,335,330.0,0.3410184974516195,0.0,0.3410184974516195,True,1.1860376728118296,True,0.3410184974516195,0.3410184974516195,-3.2825789864463237,9.286194523638454,180.96840920577523,114.8125435875983
2020-10-23,2020-10-30,2020,345.62,0.2429,0.2899,1.193495265541375,335,330.0,0.5660288166670888,5.0,-4.433971183332911,False,1.1867871626219761,True,-4.433971183332911,-4.433971183332911,-7.716550169779235,4.852223340305542,180.08263730767027,114.87782601095344
2020-10-30,2020-11-06,2020,326.69,0.44329999999999997,0.3627,0.8181818181818182,315,310.0,0.8648375549957095,0.0,0.8648375549957095,True,1.1873675111188946,False,0.8648375549957095,0.0,-6.8517126147835254,4.852223340305542,170.21930670112494,114.94314555390079
2020-11-06,2020-11-13,2020,350.18,0.2396,0.2737,1.1423205342237062,335,330.0,0.25604860620766523,0.0,0.25604860620766523,True,1.186008004971368,False,0.25604860620766523,0.0,-6.59566400857586,4.852223340305542,182.4585901637636,115.00850223754655
2020-11-13,2020-11-20,2020,358.1,0.2101,0.2569,1.2227510709186102,345,340.0,0.2981813718311397,0.0,0.2981813718311397,True,1.1840202596604235,True,0.2981813718311397,0.2981813718311397,-6.2974826367447205,5.150404712136682,186.58524512434676,115.07389608300895
2020-11-20,2020-11-27,2020,355.35,0.1986,0.2606,1.312185297079557,340,335.0,0.14942775542486064,0.0,0.14942775542486064,True,1.1849992983956648,True,0.14942775542486064,0.14942775542486064,-6.14805488131986,5.299832467561543,185.15237881858872,115.13932711141818
2020-11-27,2020-12-04,2020,363.71,0.1825,0.2443,1.3386301369863014,350,345.0,0.18501616171213175,0.0,0.18501616171213175,True,1.185978337130906,True,0.18501616171213175,0.18501616171213175,-5.963038719607728,5.4848486292736744,189.50829238809314,115.20479534391647
2020-12-04,2020-12-11,2020,369.78,0.1796,0.2429,1.3524498886414253,355,350.0,0.14361338213397445,0.0,0.14361338213397445,True,1.1867519899857992,True,0.14361338213397445,0.14361338213397445,-5.819425337473754,5.628462011407649,192.6710191066209,115.27030080165808
2020-12-11,2020-12-18,2020,366.14,0.2045,0.2605,1.2738386308068461,355,350.0,0.43485220683686876,0.0,0.43485220683686876,True,1.187332338482718,True,0.43485220683686876,0.43485220683686876,-5.384573130636885,6.063314218244518,190.77442516009023,115.33584350580928
2020-12-18,2020-12-24,2020,369.15,0.16699999999999998,0.25170000000000003,1.5071856287425154,355,350.0,0.09064143498912802,0.0,0.09064143498912802,True,1.1879126869796364,True,0.09064143498912802,0.09064143498912802,-5.293931695647757,6.153955653233646,192.34276246202904,115.40142347754836
2021-01-08,2021-01-15,2021,381.29,0.1834,0.249,1.357688113413304,365,360.0,0.12139019087054148,0.0,0.12139019087054148,True,1.188226870930452,True,0.12139019087054148,0.12139019087054148,-5.172541504777215,6.275345844104187,198.66821589908452,115.4670407380657
2021-01-15,2021-01-22,2021,375.67,0.2169,0.2726,1.2568003688335638,360,355.0,0.22717009167723923,0.0,0.22717009167723923,True,1.1882582550510328,True,0.22717009167723923,0.22717009167723923,-4.945371413099976,6.502515935781426,195.7399582124081,115.53269530856373
2021-01-22,2021-01-29,2021,382.82,0.18420000000000003,0.25989999999999996,1.4109663409337672,370,365.0,0.2783008707099164,0.0,0.2783008707099164,True,1.1882896391716138,True,0.2783008707099164,0.2783008707099164,-4.66707054239006,6.780816806491343,199.465410607379,115.59838721025686
2021-01-29,2021-02-05,2021,370.14,0.32630000000000003,0.33880000000000005,1.0383083052405762,355,350.0,0.5412451514296777,0.0,0.5412451514296777,True,1.1888596091847707,False,0.5412451514296777,0.0,-4.125825390960382,6.780816806491343,192.85859433210194,115.6641164643716
2021-02-05,2021-02-12,2021,387.63,0.1552,0.2652,1.708762886597938,375,370.0,0.1831842140344948,0.0,0.1831842140344948,True,1.1882573040170759,True,0.1831842140344948,0.1831842140344948,-3.9426411769258873,6.964001020525838,201.97162403672306,115.72988309214661
2021-02-12,2021-02-19,2021,392.73,0.1505,0.265,1.7607973421926912,380,375.0,0.16925207593068237,0.0,0.16925207593068237,True,1.1882886881376566,True,0.16925207593068237,0.16925207593068237,-3.773389100995205,7.13325309645652,204.62893973103797,115.79568711483248
2021-02-19,2021-02-26,2021,390.05,0.1833,0.2709,1.4779050736497545,375,370.0,0.17949711997447082,0.0,0.17949711997447082,True,1.188822752424642,True,0.17949711997447082,0.17949711997447082,-3.593891981020734,7.312750216430991,203.23254638579013,115.86152855369201
2021-02-26,2021-03-05,2021,380.01,0.2942,0.29600000000000004,1.0061182868796739,365,360.0,0.500092256263514,0.0,0.500092256263514,True,1.19003902550889,False,0.500092256263514,0.0,-3.09379972475722,7.312750216430991,198.00128176404078,115.92740743
2021-03-05,2021-03-12,2021,383.56,0.23829999999999998,0.2789,1.170373478808225,370,365.0,0.4362310057896721,0.0,0.4362310057896721,True,1.1882877371036997,False,0.4362310057896721,0.0,-2.657568718967548,7.312750216430991,199.85098190420115,115.99332376504346
2021-03-12,2021-03-19,2021,394.0,0.1741,0.25739999999999996,1.478460654796094,380,375.0,0.2014179527474118,0.0,0.2014179527474118,True,1.188224017828581,True,0.2014179527474118,0.2014179527474118,-2.4561507662201363,7.514168169178403,205.2906634431517,116.05927758012133
2021-03-19,2021-03-26,2021,389.57,0.18280000000000002,0.24989999999999998,1.3670678336980304,375,370.0,0.1974476211293794,0.0,0.1974476211293794,True,1.1882554019491618,True,0.1974476211293794,0.1974476211293794,-2.258703145090757,7.711615790307782,202.98244608514872,116.12526889654484
2021-03-26,2021-04-01,2021,395.91,0.1632,0.2232,1.3676470588235294,380,375.0,0.06842316691651584,0.0,0.06842316691651584,True,1.1882867860697428,True,0.06842316691651584,0.06842316691651584,-2.190279978174241,7.780038957224297,206.28585422278726,116.19129773563724
2021-04-09,2021-04-16,2021,411.49,0.1319,0.20739999999999997,1.5724033358605003,395,390.0,0.03674201869461535,0.0,0.03674201869461535,True,1.1887490389043844,True,0.03674201869461535,0.03674201869461535,-2.1535379594796256,7.816780975918912,214.4036931477728,116.2573641187339
2021-04-16,2021-04-23,2021,417.26,0.1297,0.2053,1.5828835774865073,400,395.0,0.02755990725048807,0.0,0.02755990725048807,True,1.1899653119886324,True,0.02755990725048807,0.02755990725048807,-2.1259780522291374,7.844340883169401,217.41010717839967,116.32346806718236
2021-04-23,2021-04-30,2021,416.74,0.1407,0.2157,1.5330490405117272,400,395.0,0.052162986602893646,0.0,0.052162986602893646,True,1.1911815850728806,True,0.052162986602893646,0.052162986602893646,-2.0738150656262437,7.896503869772294,217.13916518603816,116.3896096023423
2021-04-30,2021-05-07,2021,417.3,0.1553,0.2207,1.4211204121056022,400,395.0,0.07234020503524974,0.0,0.07234020503524974,True,1.1921577452877354,True,0.07234020503524974,0.07234020503524974,-2.001474860590994,7.968844074807544,217.43094887011978,116.4557887455855
2021-05-07,2021-05-14,2021,422.12,0.1409,0.2079,1.475514549325763,405,400.0,0.0502800246282733,0.0,0.0502800246282733,True,1.192653679763804,True,0.0502800246282733,0.0502800246282733,-1.9511948359627207,8.019124099435817,219.94237272239388,116.52200551829593
2021-05-14,2021-05-21,2021,416.58,0.1741,0.22260000000000002,1.2785755313038485,400,395.0,0.1386207916866633,0.0,0.1386207916866633,True,1.1931496142398728,True,0.1386207916866633,0.1386207916866633,-1.8125740442760574,8.15774489112248,217.05579841915767,116.5882599418697
2021-05-21,2021-05-28,2021,414.98,0.17120000000000002,0.2349,1.3720794392523363,400,395.0,0.18586252669351744,0.0,0.18586252669351744,True,1.1937919803011985,True,0.18586252669351744,0.18586252669351744,-1.62671151758254,8.343607417815997,216.22213075035302,116.65455203771509
2021-05-28,2021-06-04,2021,420.19,0.1273,0.2048,1.6087981146897095,405,400.0,0.05439520002892184,0.0,0.05439520002892184,True,1.1947711390086155,True,0.05439520002892184,0.05439520002892184,-1.5723163175536181,8.39800261784492,218.93676109689824,116.7208818272526
2021-06-04,2021-06-11,2021,422.44,0.127,0.20620000000000002,1.6236220472440945,405,400.0,0.02463192134443326,0.0,0.02463192134443326,True,1.1957502977160324,True,0.02463192134443326,0.02463192134443326,-1.5476843962091849,8.422634539189353,220.1091062561548,116.78724933191482
2021-06-11,2021-06-18,2021,424.31,0.1306,0.19640000000000002,1.5038284839203677,410,405.0,0.08669411411936645,0.0,0.08669411411936645,True,1.1968976790739267,True,0.08669411411936645,0.08669411411936645,-1.4609902820898184,8.50932865330872,221.08345534407027,116.8536545731466
2021-06-18,2021-06-25,2021,414.92,0.2014,0.2293,1.1385302879841113,400,395.0,0.29888852408953603,0.0,0.29888852408953603,True,1.1984936541664273,False,0.29888852408953603,0.0,-1.1621017580002824,8.50932865330872,216.19086821277284,116.92009757240494
2021-06-25,2021-07-02,2021,426.61,0.1186,0.19,1.6020236087689714,410,405.0,0.023426274031405403,0.0,0.023426274031405403,True,1.1957206262400502,True,0.023426274031405403,0.023426274031405403,-1.138675483968877,8.532754927340125,222.281852617977,116.98657835115907
2021-07-02,2021-07-09,2021,433.72,0.10400000000000001,0.193,1.8557692307692306,420,415.0,0.03759625012887269,0.0,0.03759625012887269,True,1.196849316192336,True,0.03759625012887269,0.03759625012887269,-1.1010792338400044,8.570351177468998,225.98646332122777,117.0530969308904
2021-07-09,2021-07-16,2021,435.52,0.13019999999999998,0.20440000000000003,1.56989247311828,420,415.0,0.06706094856918154,0.0,0.06706094856918154,True,1.1984452912848365,True,0.06706094856918154,0.06706094856918154,-1.0340182852708228,8.63741212603818,226.92433944863305,117.1196533330926
2021-07-16,2021-07-23,2021,431.34,0.163,0.2207,1.3539877300613496,415,410.0,0.1339463570181456,0.0,0.1339463570181456,True,1.200041266377337,True,0.1339463570181456,0.1339463570181456,-0.9000719282526772,8.771358483056325,224.74638266388084,117.1862475792715
2021-07-23,2021-07-30,2021,439.94,0.12869999999999998,0.2165,1.6822066822066823,425,420.0,0.08032624512074049,0.0,0.08032624512074049,True,1.2016560210906257,True,0.08032624512074049,0.08032624512074049,-0.8197456831319367,8.851684728177066,229.22734638370596,117.25287969094518
2021-07-30,2021-08-06,2021,438.51,0.1436,0.2218,1.5445682451253482,425,420.0,0.18153090708382713,0.0,0.18153090708382713,True,1.203340528681128,True,0.18153090708382713,0.18153090708382713,-0.6382147760481096,9.033215635260893,228.4822559047118,117.31954968964399
2021-08-06,2021-08-13,2021,442.49,0.1096,0.2087,1.9041970802919708,425,420.0,0.012354725680850831,0.0,0.012354725680850831,True,1.2050250362716304,True,0.012354725680850831,0.012354725680850831,-0.6258600503672588,9.045570360941744,230.5560042308634,117.3862575969105
2021-08-13,2021-08-20,2021,445.92,0.1121,0.2026,1.807314897413024,430,425.0,0.02940770886676558,0.0,0.02940770886676558,True,1.2067190293803531,True,0.02940770886676558,0.02940770886676558,-0.5964523415004932,9.074978069808509,232.34317929586345,117.45300343429952
2021-08-20,2021-08-27,2021,443.36,0.151,0.2241,1.4841059602649007,430,425.0,0.22975218715479073,0.0,0.22975218715479073,True,1.2084557073210673,True,0.22975218715479073,0.22975218715479073,-0.36670015434570247,9.3047302569633,231.00931102577596,117.51978722337813
2021-08-27,2021-09-03,2021,450.25,0.1232,0.2061,1.6728896103896105,435,430.0,0.06695301616886473,0.0,0.06695301616886473,True,1.2101923852617815,True,0.06695301616886473,0.06695301616886473,-0.29974713817683774,9.371683273132165,234.5992924245661,117.58660898572562
2021-09-03,2021-09-10,2021,453.08,0.1166,0.2032,1.7427101200686106,435,430.0,0.018403615411592134,0.0,0.018403615411592134,True,1.2122201872180474,True,0.018403615411592134,0.018403615411592134,-0.2813435227652456,9.390086888543758,236.07384211376439,117.65346874293363
2021-09-10,2021-09-17,2021,445.44,0.22579999999999997,0.23309999999999997,1.0323294951284323,430,425.0,0.4313967038067972,0.0,0.4313967038067972,True,1.2158782836614008,False,0.4313967038067972,0.0,0.15005318104155158,9.390086888543758,232.09307899522204,117.72036651660605
2021-09-17,2021-09-24,2021,441.4,0.1966,0.2322,1.1810783316378433,425,420.0,0.2626175679855276,0.0,0.2626175679855276,True,1.2101397586575176,False,0.2626175679855276,0.0,0.4126707490270792,9.390086888543758,229.98806813149022,117.787302328359
2021-09-24,2021-10-01,2021,443.91,0.1524,0.2082,1.3661417322834646,430,425.0,0.20981785991041768,0.0,0.20981785991041768,True,1.206613776171825,True,0.20981785991041768,0.20981785991041768,0.6224886089374968,9.599904748454176,231.29588428692756,117.85427619982099
2021-10-01,2021-10-08,2021,434.24,0.1942,0.2305,1.18692070030896,420,415.0,0.352531044473519,0.0,0.352531044473519,True,1.2083504541125392,False,0.352531044473519,0.0,0.9750196534110158,9.599904748454176,226.2574053135893,117.92128815263274
2021-10-08,2021-10-15,2021,437.86,0.1674,0.2188,1.3070489844683393,420,415.0,0.11065701080222201,0.0,0.11065701080222201,True,1.2048718992179484,True,0.11065701080222201,0.11065701080222201,1.0856766642132378,9.710561759256397,228.14357841425988,117.98833820844735
2021-10-15,2021-10-22,2021,445.87,0.1324,0.203,1.5332326283987918,430,425.0,0.0741672811718761,0.0,0.0741672811718761,True,1.2065611495675608,True,0.0741672811718761,0.0741672811718761,1.159843945385114,9.784729040428273,232.3171271812133,118.05542638893012
2021-10-22,2021-10-29,2021,453.12,0.1198,0.20010000000000003,1.6702838063439067,435,430.0,0.02182124382344719,0.0,0.02182124382344719,True,1.208297827508275,True,0.02182124382344719,0.02182124382344719,1.181665189208561,9.80655028425172,236.0946838054845,118.12255271575881
2021-10-29,2021-11-05,2021,459.25,0.1367,0.20370000000000002,1.4901243599122167,445,440.0,0.1526082449117867,0.0,0.1526082449117867,True,1.2100345054489894,True,0.1526082449117867,0.1526082449117867,1.3342734341203477,9.959158529163506,239.28867306159242,118.18971721062341
2021-11-05,2021-11-12,2021,468.53,0.1315,0.20489999999999997,1.5581749049429654,450,445.0,0.04236562742804573,0.0,0.04236562742804573,True,1.2118876329959243,True,0.04236562742804573,0.04236562742804573,1.3766390615483934,10.001524156591552,244.12394554065952,118.25691989522625
2021-11-12,2021-11-19,2021,467.27,0.1199,0.2069,1.7256046705587988,450,445.0,0.036973739602311984,0.0,0.036973739602311984,True,1.2155457294392777,True,0.036973739602311984,0.036973739602311984,1.4136128011507054,10.038497896193864,243.46743225147586,118.32416079128205
2021-11-19,2021-11-26,2021,468.89,0.1245,0.2192,1.7606425702811246,450,445.0,0.02730306407433225,0.0,0.02730306407433225,True,1.2192038258826312,True,0.02730306407433225,0.02730306407433225,1.4409158652250378,10.065800960268195,244.31152076614057,118.39143992051781
2021-11-26,2021-12-03,2021,458.97,0.306,0.2917,0.9532679738562092,445,440.0,0.8322782122061767,0.0,0.8322782122061767,True,1.222765448115029,False,0.8322782122061767,0.0,2.2731940774312145,10.065800960268195,239.14278121955158,118.45875730467297
2021-12-03,2021-12-10,2021,453.42,0.317,0.3178,1.0025236593059939,435,430.0,0.5552506444758905,0.0,0.5552506444758905,True,1.2154348780319033,False,0.5552506444758905,0.0,2.828444721907105,10.065800960268195,236.25099649338537,118.52611296549922
2021-12-10,2021-12-17,2021,470.74,0.157,0.2318,1.4764331210191084,455,450.0,0.1922439241383298,0.0,0.1922439241383298,True,1.2099292522404612,True,0.1922439241383298,0.1922439241383298,3.0206886460454347,10.258044884406525,245.275449008196,118.59350692476073
2021-12-17,2021-12-23,2021,459.87,0.1935,0.25379999999999997,1.311627906976744,445,440.0,0.2973651740080836,0.0,0.2973651740080836,True,1.2116659301811754,True,0.2973651740080836,0.2973651740080836,3.3180538200535183,10.555410058414608,239.61171928325422,118.66093920423397
2021-12-31,2022-01-07,2021,474.96,0.1326,0.2188,1.650075414781297,460,455.0,0.13092796695183218,0.0,0.13092796695183218,True,1.2153240266245289,True,0.13092796695183218,0.13092796695183218,3.4489817870053505,10.68633802536644,247.47424748466833,118.72840982570783
2022-01-07,2022-01-14,2022,466.09,0.154,0.22870000000000001,1.4850649350649352,450,445.0,0.16043652006516318,0.0,0.16043652006516318,True,1.2189821230678826,True,0.16043652006516318,0.16043652006516318,3.6094183070705137,10.846774545431604,242.8526023457324,118.79591881098355
2022-01-14,2022-01-21,2022,464.72,0.17309999999999998,0.22820000000000001,1.3183131138070483,450,445.0,0.29848485055149254,5.0,-4.7015151494485075,False,1.222640219511236,True,-4.7015151494485075,-4.7015151494485075,-1.0920968423779938,6.145259395983096,242.13877440431838,118.86346618187483
2022-01-21,2022-01-28,2022,437.98,0.3086,0.2995,0.9705119896305898,420,415.0,0.5189849714114239,0.0,0.5189849714114239,True,1.223211141204006,False,0.5189849714114239,0.0,-0.5731118709665699,6.145259395983096,228.20610348942023,118.9310519602077
2022-01-28,2022-02-04,2022,441.95,0.2813,0.2882,1.0245289726270885,425,420.0,0.5152753364888731,0.0,0.5152753364888731,True,1.2188712716605081,False,0.5152753364888731,0.0,-0.057836534477696766,6.145259395983096,230.27464139264183,118.99867616782065
2022-02-04,2022-02-11,2022,448.7,0.2186,0.2625,1.2008234217749314,435,430.0,0.5253354584197893,0.0,0.5253354584197893,True,1.2115606769726472,False,0.5253354584197893,0.0,0.4674989239420926,6.145259395983096,233.79167687041158,119.06633882656456
2022-02-11,2022-02-18,2022,440.46,0.26839999999999997,0.2883,1.0741430700447094,425,420.0,0.5651467777595158,0.0,0.5651467777595158,True,1.2080346944869547,False,0.5651467777595158,0.0,1.0326457017016084,6.145259395983096,229.49828837606748,119.13403995830276
2022-02-18,2022-02-25,2022,434.23,0.26030000000000003,0.2922,1.1225509028044562,420,415.0,0.6059679126851378,0.0,0.6059679126851378,True,1.2045656251105843,False,0.6059679126851378,0.0,1.6386136143867462,6.145259395983096,226.25219489065927,119.20177958491101
2022-02-25,2022-03-04,2022,437.75,0.2615,0.2804,1.0722753346080305,420,415.0,0.401500084664157,0.0,0.401500084664157,True,1.201284442912988,False,0.401500084664157,0.0,2.0401136990509032,6.145259395983096,228.08626376202957,119.26955772827745
2022-03-04,2022-03-11,2022,432.17,0.3111,0.3234,1.0395371263259403,415,410.0,0.5570598395488844,0.0,0.5570598395488844,True,1.2009660056320624,False,0.5570598395488844,0.0,2.5971735385997876,6.145259395983096,225.17884776707325,119.33737441030277
2022-03-11,2022-03-18,2022,420.07,0.3063,0.3234,1.0558276199804113,405,400.0,0.6461467261911054,0.0,0.6461467261911054,True,1.199209848579862,False,0.6461467261911054,0.0,3.243320264790893,6.145259395983096,218.8742360217379,119.40522965290002
2022-03-18,2022-03-25,2022,444.52,0.22190000000000001,0.2655,1.1964849031095088,430,425.0,0.47220475196983,0.0,0.47220475196983,True,1.1963437272356792,True,0.47220475196983,0.47220475196983,3.715525016760723,6.617464147952926,231.61372008565934,119.47312347799475
2022-03-25,2022-04-01,2022,452.69,0.1845,0.24719999999999998,1.3398373983739835,435,430.0,0.18771383392382823,0.0,0.18771383392382823,True,1.1964689352308795,True,0.18771383392382823,0.18771383392382823,3.9032388506845512,6.805177981876755,235.87063561949324,119.54105590752499
2022-04-01,2022-04-08,2022,452.92,0.16,0.2421,1.513125,435,430.0,0.10675382182862503,0.0,0.10675382182862503,True,1.1964763569209467,True,0.10675382182862503,0.10675382182862503,4.009992672513176,6.91193180370538,235.9904753468839,119.6090269634412
2022-04-08,2022-04-14,2022,447.57,0.17300000000000001,0.25170000000000003,1.454913294797688,430,425.0,0.10529502956371584,0.0,0.10529502956371584,True,1.1964837786110138,True,0.10529502956371584,0.10529502956371584,4.115287702076892,7.0172268332690955,233.20289907931826,119.67703666770635
2022-04-22,2022-04-29,2022,426.04,0.2907,0.2987,1.0275197798417612,410,405.0,0.5556727303163598,0.0,0.5556727303163598,True,1.197699688335827,False,0.5556727303163598,0.0,4.670960432393252,7.0172268332690955,221.98485851096532,119.74508504229593
2022-04-29,2022-05-06,2022,412.0,0.3611,0.3318,0.9188590418166713,395,390.0,0.6232261386808915,0.0,0.6232261386808915,True,1.1964761320212476,False,0.6232261386808915,0.0,5.294186571074143,7.0172268332690955,214.6694247172043,119.81317210919784
2022-05-06,2022-05-13,2022,411.34,0.2979,0.3231,1.0845921450151057,395,390.0,0.515964452918876,0.0,0.515964452918876,True,1.1962843842837145,False,0.515964452918876,0.0,5.810151023993019,7.0172268332690955,214.32553680382236,119.88129789041257
2022-05-13,2022-05-20,2022,401.72,0.2938,0.307,1.044928522804629,385,380.0,0.45575102836418324,0.0,0.45575102836418324,True,1.1942963953928982,False,0.45575102836418324,0.0,6.265902052357203,7.0172268332690955,209.31310994513424,119.94946240795305
2022-05-20,2022-05-27,2022,389.63,0.2919,0.3114,1.0668036998972252,375,370.0,0.54801944118827,0.0,0.54801944118827,True,1.1928941328431102,False,0.54801944118827,0.0,6.813921493545473,7.0172268332690955,203.0137086227289,120.0176656838448
2022-05-27,2022-06-03,2022,415.26,0.23129999999999998,0.2802,1.211413748378729,400,395.0,0.38803102775715104,0.0,0.38803102775715104,True,1.1917344364748115,True,0.38803102775715104,0.38803102775715104,7.201952521302624,7.4052578610262465,216.36802259239383,120.08590774012578
2022-06-03,2022-06-10,2022,410.54,0.2305,0.2733,1.1856832971800433,395,390.0,0.3575412310353343,5.0,-4.642458768964666,False,1.1923831700495848,False,-4.642458768964666,0.0,2.559493752337958,7.4052578610262465,213.90870296942003,120.15418859884655
2022-06-10,2022-06-17,2022,389.8,0.2878,0.29719999999999996,1.0326615705350937,375,370.0,0.5255138964563209,5.0,-4.474486103543679,False,1.1904813066304347,False,-4.474486103543679,0.0,-1.9149923512057212,7.4052578610262465,203.1022858125394,120.22250828207018
2022-06-17,2022-06-24,2022,365.86,0.304,0.3236,1.0644736842105262,350,345.0,0.4296523827405032,0.0,0.4296523827405032,True,1.1882991495111836,False,0.4296523827405032,0.0,-1.485339968465218,7.4052578610262465,190.62853331804942,120.29086681187226
2022-06-24,2022-07-01,2022,390.08,0.26039999999999996,0.2895,1.1117511520737329,375,370.0,0.4276975019033742,0.0,0.4276975019033742,True,1.188235430236065,False,0.4276975019033742,0.0,-1.0576424665618438,7.4052578610262465,203.24817765458022,120.359264210341
2022-07-01,2022-07-08,2022,381.24,0.23559999999999998,0.2852,1.210526315789474,365,360.0,0.26728961462780987,0.0,0.26728961462780987,True,1.1876694536743044,True,0.26728961462780987,0.26728961462780987,-0.7903528519340339,7.672547475654056,198.6421637844344,120.4277004995771
2022-07-08,2022-07-15,2022,388.67,0.2191,0.273,1.246006389776358,375,370.0,0.3742601652203916,0.0,0.3742601652203916,True,1.1880954685201037,True,0.3742601652203916,0.3742601652203916,-0.4160926867136423,8.046807640874448,202.51350802144609,120.49617570169384
2022-07-15,2022-07-22,2022,385.13,0.2214,0.2708,1.2231255645889791,370,365.0,0.28873545817843826,0.0,0.28873545817843826,True,1.1882344792021078,True,0.28873545817843826,0.28873545817843826,-0.12735722853520404,8.335543099052886,200.66901830421574,120.56468983881712
2022-07-22,2022-07-29,2022,395.09,0.22089999999999999,0.2597,1.1756450882752376,380,375.0,0.31286108365964616,0.0,0.31286108365964616,True,1.1882658633226888,False,0.31286108365964616,0.0,0.18550385512444212,8.335543099052886,205.85859954252487,120.63324293308537
2022-07-29,2022-08-05,2022,411.99,0.1857,0.2379,1.2810985460420032,395,390.0,0.15155331278172302,0.0,0.15155331278172302,True,1.188082558979322,True,0.15155331278172302,0.15155331278172302,0.33705716790616513,8.48709641183461,214.66421429427427,120.70183500664965
2022-08-05,2022-08-12,2022,413.47,0.1932,0.2418,1.2515527950310559,400,395.0,0.3472657873961751,0.0,0.3472657873961751,True,1.1882335281681509,True,0.3472657873961751,0.3472657873961751,0.6843229553023402,8.834362199230785,215.4353568879186,120.77046608167355
2022-08-12,2022-08-19,2022,427.1,0.1678,0.23309999999999997,1.3891537544696064,410,405.0,0.11926499694420478,0.0,0.11926499694420478,True,1.1882649122887319,True,0.11926499694420478,0.11926499694420478,0.803587952246545,8.95362719617499,222.53716334154842,120.83913618033333
2022-08-19,2022-08-26,2022,422.14,0.18239999999999998,0.2432,1.3333333333333335,405,400.0,0.15265829637953665,0.0,0.15265829637953665,True,1.1882962964093127,True,0.15265829637953665,0.15265829637953665,0.9562462486260817,9.106285492554527,219.95279356825392,120.90784532481784
2022-08-26,2022-09-02,2022,405.31,0.239,0.2656,1.1112970711297072,390,385.0,0.38612457562846103,0.0,0.38612457562846103,True,1.1891176065056717,False,0.38612457562846103,0.0,1.3423708242545427,9.106285492554527,211.18365177701475,120.97659353732853
2022-09-02,2022-09-09,2022,392.24,0.2297,0.2648,1.1528080104484109,380,375.0,0.5258146067065681,0.0,0.5258146067065681,True,1.1882639612547747,False,0.5258146067065681,0.0,1.8681854309611108,9.106285492554527,204.37362900746655,121.04538084007945
2022-09-09,2022-09-16,2022,406.6,0.21710000000000002,0.2514,1.1579917088899125,390,385.0,0.2512698411372494,4.439999999999998,-4.188730158862748,False,1.1880567398977584,False,-4.188730158862748,0.0,-2.3205447279016376,9.106285492554527,211.8557963349885,121.11420725529737
2022-09-16,2022-09-23,2022,385.56,0.2706,0.2763,1.0210643015521064,370,365.0,0.4161200091526247,2.0500000000000114,-1.6338799908473867,False,1.1871918006653777,False,-1.6338799908473867,0.0,-3.9544247187490242,9.106285492554527,200.89306649020702,121.18307280522164
2022-09-23,2022-09-30,2022,367.95,0.3025,0.3032,1.002314049586777,355,350.0,0.6327746239681318,0.0,0.6327746239681318,True,1.1867055685528543,False,0.6327746239681318,0.0,-3.3216500947808925,9.106285492554527,191.71751171042553,121.25197751210422
2022-09-30,2022-10-07,2022,357.18,0.3119,0.3186,1.0214812439884577,345,340.0,0.6842584716274516,0.0,0.6842584716274516,True,1.1863529582765229,False,0.6842584716274516,0.0,-2.637391623153441,9.106285492554527,186.10588621478405,121.32092139820978
2022-10-07,2022-10-14,2022,362.79,0.3055,0.321,1.0507364975450082,350,345.0,0.6365550899049168,0.0,0.6365550899049168,True,1.1858372422596937,False,0.6365550899049168,0.0,-2.000836533248524,9.106285492554527,189.02893347853046,121.38990448581562
2022-10-14,2022-10-21,2022,357.63,0.2967,0.3245,1.0936973373778227,345,340.0,0.6082099115723736,0.0,0.6082099115723736,True,1.1846506796155147,False,0.6082099115723736,0.0,-1.3926266216761505,9.106285492554527,186.34035524663537,121.45892679721173
2022-10-21,2022-10-28,2022,374.29,0.2846,0.30469999999999997,1.0706254392129302,360,355.0,0.5046844475140944,0.0,0.5046844475140944,True,1.1833937330046507,False,0.5046844475140944,0.0,-0.8879421741620561,9.106285492554527,195.02091984806407,121.52798835470075
2022-10-28,2022-11-04,2022,389.02,0.2781,0.26899999999999996,0.9672779575692195,375,370.0,0.5488936464619272,0.0,0.5488936464619272,True,1.1829510279803805,False,0.5488936464619272,0.0,-0.33904852770012894,9.106285492554527,202.69587282399712,121.59708918059803
2022-11-04,2022-11-11,2022,376.35,0.2704,0.2639,0.9759615384615387,365,360.0,0.6968690982536359,0.0,0.6968690982536359,True,1.1825739995139466,False,0.6968690982536359,0.0,0.3578205705535069,9.106285492554527,196.0942669716501,121.66622929723158
2022-11-11,2022-11-18,2022,398.51,0.21309999999999998,0.25739999999999996,1.2078836227123415,385,380.0,0.3875395000934212,0.0,0.3875395000934212,True,1.1821919577233122,True,0.3875395000934212,0.3875395000934212,0.7453600706469281,9.493824992647948,207.64056418459487,121.73540872694211
2022-11-18,2022-11-25,2022,396.03,0.1834,0.25329999999999997,1.3811341330425297,380,375.0,0.15268545401289657,0.0,0.15268545401289657,True,1.1823958641281076,True,0.15268545401289657,0.15268545401289657,0.8980455246598247,9.646510446660844,206.34837929794762,121.80462749208306
2022-11-25,2022-12-02,2022,402.33,0.17059999999999997,0.2359,1.3827667057444317,390,385.0,0.29480361205038363,0.0,0.29480361205038363,True,1.1825687602378925,True,0.29480361205038363,0.29480361205038363,1.1928491367102083,9.941314058711228,209.63094574386602,121.8738856150205
2022-12-02,2022-12-09,2022,406.91,0.1795,0.2296,1.2791086350974932,390,385.0,0.1294009020670046,0.0,0.1294009020670046,True,1.1827416563476774,True,0.1294009020670046,0.1294009020670046,1.322250038777213,10.070714960778233,212.01731944581942,121.94318311813335
2022-12-09,2022-12-16,2022,393.28,0.2648,0.2521,0.9520392749244714,380,375.0,0.5739786589299065,0.0,0.5739786589299065,True,1.1829378129050292,False,0.5739786589299065,0.0,1.8962286977071194,10.070714960778233,204.91551299218958,122.01252002381315
2022-12-16,2022-12-23,2022,383.27,0.2051,0.2515,1.2262311067771818,370,365.0,0.33342851692545317,0.0,0.33342851692545317,True,1.1825635209618384,True,0.33342851692545317,0.33342851692545317,2.2296572146325726,10.404143477703686,199.69987963923032,122.0818963544642
2022-12-23,2022-12-30,2022,382.91,0.17489999999999997,0.2413,1.3796455117209836,370,365.0,0.23672823107041552,0.0,0.23672823107041552,True,1.1827364170716232,True,0.23672823107041552,0.23672823107041552,2.466385445702988,10.640871708774101,199.51230441374926,122.15131213250356
2022-12-30,2023-01-06,2022,382.43,0.2114,0.2429,1.1490066225165563,370,365.0,0.41185335470635565,0.0,0.41185335470635565,True,1.1829312053673535,False,0.41185335470635565,0.0,2.8782388004093438,10.640871708774101,199.26220411310786,122.22076738036101
2023-01-06,2023-01-13,2023,388.08,0.2157,0.2318,1.0746407046824293,375,370.0,0.39872618533057747,0.0,0.39872618533057747,True,1.1825582816857843,False,0.39872618533057747,0.0,3.2769649857399212,10.640871708774101,202.20609306857438,122.29026212047907
2023-01-13,2023-01-20,2023,398.5,0.1482,0.2114,1.426450742240216,385,380.0,0.1378995934992231,0.0,0.1378995934992231,True,1.1821700378361477,True,0.1378995934992231,0.1378995934992231,3.4148645792391443,10.778771302273324,207.63535376166485,122.35979637531307
2023-01-20,2023-01-27,2023,395.88,0.1826,0.21719999999999998,1.189485213581599,380,375.0,0.1554657293083599,0.0,0.1554657293083599,True,1.1823801462999453,True,0.1554657293083599,0.1554657293083599,3.570330308547504,10.934237031581684,206.27022295399718,122.42937016733106
2023-01-27,2023-02-03,2023,405.68,0.2003,0.2047,1.0219670494258613,390,385.0,0.23749154418190166,0.0,0.23749154418190166,True,1.1825530424097301,False,0.23749154418190166,0.0,3.807821852729406,10.934237031581684,211.37643742542582,122.49898351901392
2023-02-03,2023-02-10,2023,412.35,0.1776,0.2078,1.170045045045045,395,390.0,0.1189536063527008,0.0,0.1189536063527008,True,1.182162731207093,False,0.1189536063527008,0.0,3.9267754590821067,10.934237031581684,214.85178951975533,122.56863645285527
2023-02-10,2023-02-17,2023,408.04,0.215,0.2255,1.0488372093023257,395,390.0,0.4519522648766028,0.0,0.4519522648766028,True,1.181673187060422,False,0.4519522648766028,0.0,4.3787277239587095,10.934237031581684,212.60609723691272,122.63832899136149
2023-02-17,2023-02-24,2023,407.26,0.16940000000000002,0.2177,1.2851239669421486,395,390.0,0.30481841518764696,0.0,0.30481841518764696,True,1.1813098360672747,True,0.30481841518764696,0.30481841518764696,4.683546139146356,11.239055446769331,212.19968424837043,122.70806115705184
2023-02-24,2023-03-03,2023,396.38,0.1838,0.2243,1.220348204570185,380,375.0,0.14235377654363823,0.0,0.14235377654363823,True,1.1814723817304926,True,0.14235377654363823,0.14235377654363823,4.825899915689995,11.38140922331297,206.53074410049862,122.77783297245833
2023-03-03,2023-03-10,2023,404.19,0.1776,0.1998,1.125,390,385.0,0.22491832976548487,4.089999999999975,-3.86508167023449,False,1.181665880431367,False,-3.86508167023449,0.0,0.9608182454555045,11.38140922331297,210.60008440885147,122.84764446012576
2023-03-10,2023-03-17,2023,385.91,0.2686,0.2539,0.9452717795979152,370,365.0,0.39089054115485666,0.0,0.39089054115485666,True,1.1813049104411166,False,0.39089054115485666,0.0,1.3517087866103612,11.38140922331297,201.07543129275803,122.91749564261185
2023-03-17,2023-03-24,2023,389.99,0.2701,0.2742,1.0151795631247686,375,370.0,0.46234655945159275,0.0,0.46234655945159275,True,1.1810749146234547,False,0.46234655945159275,0.0,1.814055346061954,11.38140922331297,203.20128384820995,122.98738654248702
2023-03-24,2023-03-31,2023,395.75,0.20620000000000002,0.2396,1.1619786614936953,380,375.0,0.2331493024498954,0.0,0.2331493024498954,True,1.1810640127204057,False,0.2331493024498954,0.0,2.0472046485118494,11.38140922331297,206.2024874559068,123.05731718233459
2023-03-31,2023-04-06,2023,409.39,0.16510000000000002,0.21230000000000002,1.2858873410054512,395,390.0,0.13162254935879947,0.0,0.13162254935879947,True,1.1792688753392018,True,0.13162254935879947,0.13162254935879947,2.178827197870649,11.51303177267177,213.30950433246667,123.12728758475073
2023-04-14,2023-04-21,2023,412.46,0.1335,0.2003,1.500374531835206,400,395.0,0.14517502236867674,0.0,0.14517502236867674,True,1.1803447862201337,True,0.14517502236867674,0.14517502236867674,2.3240022202393256,11.658206795040446,214.90910417198563,123.19729777234443
2023-04-21,2023-04-28,2023,412.2,0.14880000000000002,0.2039,1.370295698924731,395,390.0,0.0564183483254026,0.0,0.0564183483254026,True,1.181063850005435,True,0.0564183483254026,0.0564183483254026,2.380420568564728,11.714625143365849,214.7736331758049,123.26734776773756
2023-04-28,2023-05-05,2023,415.93,0.1553,0.1954,1.2582099162910496,400,395.0,0.1038332226428258,0.0,0.1038332226428258,True,1.1810692195994739,True,0.1038332226428258,0.1038332226428258,2.484253791207554,11.818458366008674,216.71712092870578,123.33743759356481
2023-05-05,2023-05-12,2023,412.63,0.1534,0.2078,1.3546284224250327,400,395.0,0.22201672685122276,0.0,0.22201672685122276,True,1.181074589193513,True,0.22201672685122276,0.22201672685122276,2.7062705180587767,12.040475092859896,214.99768136179614,123.40756727247377
2023-05-12,2023-05-19,2023,411.59,0.1409,0.2066,1.4662881476224274,395,390.0,0.05118915836761162,0.0,0.05118915836761162,True,1.1811275878994245,True,0.05118915836761162,0.05118915836761162,2.7574596764263886,12.091664251227508,214.45579737707308,123.47773682712496
2023-05-19,2023-05-26,2023,418.62,0.1425,0.2004,1.4063157894736842,405,400.0,0.14230637334556295,0.0,0.14230637334556295,True,1.1812901335626422,True,0.14230637334556295,0.14230637334556295,2.8997660497719515,12.233970624573072,218.11872469688365,123.54794628019165
2023-05-26,2023-06-02,2023,420.02,0.1724,0.20440000000000003,1.1856148491879352,405,400.0,0.1972277019169475,0.0,0.1972277019169475,True,1.1814526792258602,True,0.1972277019169475,0.1972277019169475,3.096993751688899,12.43119832649002,218.84818390708773,123.61819565436014
2023-06-02,2023-06-09,2023,427.92,0.1274,0.17920000000000003,1.4065934065934067,415,410.0,0.12420682483767909,0.0,0.12420682483767909,True,1.181636653915148,True,0.12420682483767909,0.12420682483767909,3.221200576526578,12.555405151327697,222.96441802181081,123.68848497232956
2023-06-09,2023-06-16,2023,429.9,0.1329,0.1696,1.2761474793077503,415,410.0,0.08360735941367725,0.0,0.08360735941367725,True,1.1818777726739562,True,0.08360735941367725,0.08360735941367725,3.3048079359402553,12.639012510741374,223.99608176195662,123.75881425681195
2023-06-16,2023-06-23,2023,439.46,0.1133,0.1675,1.4783759929390998,425,420.0,0.04953196425246387,0.0,0.04953196425246387,True,1.1821188914327643,True,0.04953196425246387,0.04953196425246387,3.354339900192719,12.688544474993838,228.97724608306456,123.82918353053229
2023-06-23,2023-06-30,2023,433.21,0.1161,0.16870000000000002,1.4530577088716625,420,415.0,0.0805196673679398,0.0,0.0805196673679398,True,1.1823434713675667,True,0.0805196673679398,0.0805196673679398,3.434859567560659,12.769064142361778,225.72073175179628,123.89959281622845
2023-06-30,2023-07-07,2023,443.28,0.1153,0.1602,1.3894189071986125,425,420.0,0.013106941511704051,0.0,0.013106941511704051,True,1.1825163674773516,True,0.013106941511704051,0.013106941511704051,3.447966509072363,12.782171083873482,230.9676276423357,123.97004213665124
2023-07-07,2023-07-14,2023,438.55,0.126,0.1724,1.3682539682539683,425,420.0,0.10997825067584666,0.0,0.10997825067584666,True,1.1826892635871364,True,0.10997825067584666,0.10997825067584666,3.5579447597482097,12.892149334549329,228.5030975964319,124.0405315145644
2023-07-14,2023-07-21,2023,449.28,0.11900000000000001,0.1604,1.3478991596638654,435,430.0,0.07655935248909884,0.0,0.07655935248909884,True,1.1828717375282725,True,0.07655935248909884,0.07655935248909884,3.6345041122373085,12.968708687038427,234.09388140035327,124.11106097274465
2023-07-21,2023-07-28,2023,452.18,0.125,0.16399999999999998,1.3119999999999998,435,430.0,0.03920903118294028,0.0,0.03920903118294028,True,1.1830897862715697,True,0.03920903118294028,0.03920903118294028,3.673713143420249,13.007917718221368,235.60490405006175,124.18163053398163
2023-07-28,2023-08-04,2023,456.92,0.11230000000000001,0.1592,1.4176313446126447,440,435.0,0.023941669581084013,0.0,0.023941669581084013,True,1.183307835014867,True,0.023941669581084013,0.023941669581084013,3.697654813001333,13.031859387802452,238.0746445188956,124.25224022107793
2023-08-04,2023-08-11,2023,446.81,0.1609,0.1861,1.156619018023617,430,425.0,0.1333686430662322,0.0,0.1333686430662322,True,1.1836139551714595,False,0.1333686430662322,0.0,3.831023456067565,13.031859387802452,232.80690693663604,124.32289005684913
2023-08-11,2023-08-18,2023,445.65,0.1363,0.17559999999999998,1.288334556126192,430,425.0,0.09015058350894023,0.0,0.09015058350894023,True,1.183083178733894,True,0.09015058350894023,0.09015058350894023,3.9211740395765053,13.122009971311392,232.20249787675266,124.39358006412375
2023-08-18,2023-08-25,2023,436.5,0.1654,0.1924,1.1632406287787183,420,415.0,0.14339465713412203,0.0,0.14339465713412203,True,1.1833012274771912,False,0.14339465713412203,0.0,4.064568696710627,13.122009971311392,227.4349608957759,124.46431026574334
2023-08-25,2023-09-01,2023,439.97,0.1378,0.1772,1.285921625544267,425,420.0,0.10752686418575585,0.0,0.10752686418575585,True,1.1828585224529211,True,0.10752686418575585,0.10752686418575585,4.172095560896383,13.229536835497148,229.24297765249605,124.53508068456236
2023-09-01,2023-09-08,2023,451.19,0.1045,0.1574,1.5062200956937801,435,430.0,0.017996833281789193,0.0,0.017996833281789193,True,1.1830765711962183,True,0.017996833281789193,0.017996833281789193,4.190092394178173,13.247533668778937,235.08907217998885,124.60589134344838
2023-09-08,2023-09-15,2023,445.52,0.12380000000000001,0.16140000000000002,1.3037156704361874,430,425.0,0.05921459251164429,0.0,0.05921459251164429,True,1.1832946199395156,True,0.05921459251164429,0.05921459251164429,4.249306986689817,13.306748261290581,232.1347623786623,124.67674226528185
2023-09-15,2023-09-22,2023,443.37,0.1251,0.1602,1.2805755395683456,430,425.0,0.11845818335998004,0.0,0.11845818335998004,True,1.1835713829583432,True,0.11845818335998004,0.11845818335998004,4.367765170049797,13.425206444650561,231.01452144870598,124.7476334729563
2023-09-22,2023-09-29,2023,430.42,0.1751,0.1809,1.0331239291833239,415,410.0,0.2081126443822221,0.0,0.2081126443822221,True,1.1842738244747655,False,0.2081126443822221,0.0,4.575877814432019,13.425206444650561,224.26702375431813,124.81856498937829
2023-09-29,2023-10-06,2023,427.48,0.172,0.18510000000000001,1.0761627906976745,410,405.0,0.12040712934218512,0.0,0.12040712934218512,True,1.18328801240184,False,0.12040712934218512,0.0,4.696284943774204,13.425206444650561,222.73515941288954,124.88953683746735
2023-10-06,2023-10-13,2023,429.54,0.1629,0.1873,1.1497851442602824,415,410.0,0.19924395934665107,0.0,0.19924395934665107,True,1.1828453073775698,False,0.19924395934665107,0.0,4.895528903120855,13.425206444650561,223.80850653647556,124.96054904015608
2023-10-13,2023-10-20,2023,431.5,0.18760000000000002,0.2057,1.0964818763326225,415,410.0,0.2083068802697312,0.0,0.2083068802697312,True,1.1824901710970812,False,0.2083068802697312,0.0,5.103835783390586,13.425206444650561,224.8297494307613,125.03160162039009
2023-10-20,2023-10-27,2023,421.19,0.2076,0.22440000000000002,1.0809248554913296,405,400.0,0.270042562531696,0.0,0.270042562531696,True,1.1820750516584355,False,0.270042562531696,0.0,5.373878345922282,13.425206444650561,219.45780338990116,125.10269460112808
2023-10-27,2023-11-03,2023,410.68,0.21359999999999998,0.2227,1.0426029962546817,395,390.0,0.2929922536044458,0.0,0.2929922536044458,True,1.1815855075117645,False,0.2929922536044458,0.0,5.666870599526728,13.425206444650561,213.98164889044043,125.17382800534178
2023-11-03,2023-11-10,2023,434.69,0.1371,0.1722,1.2560175054704594,420,415.0,0.10756358291825974,0.0,0.10756358291825974,True,1.1812507285533773,True,0.10756358291825974,0.10756358291825974,5.774434182444988,13.532770027568821,226.4918743454406,125.24500185601597
2023-11-10,2023-11-17,2023,440.61,0.1278,0.16519999999999999,1.2926447574334898,425,420.0,0.06341655758966258,0.0,0.06341655758966258,True,1.1814132742165953,True,0.06341655758966258,0.06341655758966258,5.837850740034651,13.596186585158485,229.57644472001792,125.31621617614852
2023-11-17,2023-11-24,2023,450.79,0.1067,0.1585,1.4854732895970009,435,430.0,0.024389593791245723,0.0,0.024389593791245723,True,1.1815782008827098,True,0.024389593791245723,0.024389593791245723,5.862240333825897,13.62057617894973,234.88065526278768,125.38747098875038
2023-11-24,2023-12-01,2023,455.3,0.0983,0.1512,1.538148524923703,440,435.0,0.018589132353724558,0.0,0.018589132353724558,True,1.1818193196415179,True,0.018589132353724558,0.018589132353724558,5.880829466179621,13.639165311303454,237.23055600423086,125.45876631684554
2023-12-01,2023-12-08,2023,459.1,0.1198,0.1536,1.2821368948247076,445,440.0,0.09331003405347804,0.0,0.09331003405347804,True,1.182060438400326,True,0.09331003405347804,0.09331003405347804,5.9741395002330995,13.732475345356931,239.21051671764198,125.53010218347112
2023-12-08,2023-12-15,2023,460.2,0.12210000000000001,0.1516,1.2416052416052417,445,440.0,0.07334286950010682,0.0,0.07334286950010682,True,1.182301557159134,True,0.07334286950010682,0.07334286950010682,6.047482369733206,13.805818214857037,239.78366323994518,125.60147861167736
2023-12-15,2023-12-22,2023,469.33,0.10869999999999999,0.15130000000000002,1.3919043238270472,455,450.0,0.061108380251774674,0.0,0.061108380251774674,True,1.1824744532689189,True,0.061108380251774674,0.061108380251774674,6.108590749984981,13.866926595108811,244.54077937506187,125.67289562452754
2023-12-22,2023-12-29,2023,473.65,0.11560000000000001,0.15990000000000001,1.3832179930795847,455,450.0,0.019646373317454446,0.0,0.019646373317454446,True,1.1826473493787037,True,0.019646373317454446,0.019646373317454446,6.128237123302435,13.886572968426266,246.7916820808345,125.74435324509814
2023-12-29,2024-01-05,2023,475.31,0.1067,0.15259999999999999,1.4301780693533268,460,455.0,0.04200517669671844,0.0,0.04200517669671844,True,1.1828202454884886,True,0.04200517669671844,0.04200517669671844,6.1702422999991535,13.928578145122986,247.65661228721936,125.81585149647867
2024-01-05,2024-01-12,2024,467.92,0.11710000000000001,0.1551,1.3245089666951322,450,445.0,0.025632088295667876,0.0,0.025632088295667876,True,1.1830369259701643,True,0.025632088295667876,0.025632088295667876,6.195874388294821,13.954210233418653,243.80610974192774,125.88739040177184
2024-01-12,2024-01-19,2024,476.68,0.1052,0.1494,1.420152091254753,460,455.0,0.02327144068098741,0.0,0.02327144068098741,True,1.1832549747134615,True,0.02327144068098741,0.02327144068098741,6.219145828975808,13.977481674099641,248.37044022863336,125.95896998409344
2024-01-19,2024-01-26,2024,482.43,0.1182,0.15259999999999999,1.291032148900169,465,460.0,0.039677234535317796,0.0,0.039677234535317796,True,1.1834730234567588,True,0.039677234535317796,0.039677234535317796,6.258823063511126,14.01715890863496,251.36643341340016,126.03059026657246
2024-01-26,2024-02-02,2024,487.41,0.1307,0.1503,1.1499617444529455,470,465.0,0.07216496297130837,0.0,0.07216496297130837,True,1.1841461078354159,False,0.07216496297130837,0.0,6.330988026482434,14.01715890863496,253.96122403255472,126.102251272351
2024-02-02,2024-02-09,2024,494.35,0.1304,0.1561,1.197085889570552,475,470.0,0.044290142392683585,0.0,0.044290142392683585,True,1.1832483671757859,True,0.044290142392683585,0.044290142392683585,6.375278168875117,14.061449051027644,257.577257545995,126.17395302458434
2024-02-09,2024-02-16,2024,501.2,0.1161,0.1508,1.2988802756244617,485,480.0,0.06700513510840844,0.0,0.06700513510840844,True,1.183466415919083,True,0.06700513510840844,0.06700513510840844,6.442283303983526,14.128454186136052,261.146397253065,126.24569554644091
2024-02-16,2024-02-23,2024,499.51,0.1257,0.1586,1.261734287987271,480,475.0,0.036570361019897746,0.0,0.036570361019897746,True,1.1841248217288576,True,0.036570361019897746,0.036570361019897746,6.478853665003424,14.16502454715595,260.26583577789006,126.31747886110234
2024-02-23,2024-03-01,2024,507.85,0.1192,0.1525,1.2793624161073824,490,485.0,0.050143393769409794,0.0,0.050143393769409794,True,1.1848272632452799,True,0.050143393769409794,0.050143393769409794,6.528997058772834,14.21516794092536,264.61132850153444,126.3893029917634
2024-03-01,2024-03-08,2024,512.85,0.1182,0.1493,1.2631133671742807,495,490.0,0.0508268710819344,0.0,0.0508268710819344,True,1.1855297047617022,True,0.0508268710819344,0.0508268710819344,6.5798239298547685,14.265994812007294,267.2165399665491,126.4611679616321
2024-03-08,2024-03-15,2024,511.72,0.1463,0.163,1.114149008885851,495,490.0,0.17038697844750672,0.0,0.17038697844750672,True,1.1856346991056466,False,0.17038697844750672,0.0,6.750210908302275,14.265994812007294,266.62776217545576,126.53307379392955
2024-03-15,2024-03-22,2024,509.83,0.1416,0.1641,1.1588983050847457,490,485.0,0.07137314124130922,0.0,0.07137314124130922,True,1.1848059771387216,False,0.07137314124130922,0.0,6.821584049543585,14.265994812007294,265.64299224168025,126.60502051189022
2024-03-22,2024-03-28,2024,521.21,0.10859999999999999,0.153,1.408839779005525,505,500.0,0.03760783405644874,0.0,0.03760783405644874,True,1.1834532008437317,True,0.03760783405644874,0.03760783405644874,6.859191883600033,14.303602646063743,271.5724535360535,126.67700813876164
2024-04-05,2024-04-12,2024,518.43,0.15460000000000002,0.1718,1.111254851228978,500,495.0,0.15328756082143258,0.0,0.15328756082143258,True,1.184082249515741,False,0.15328756082143258,0.0,7.012479444421466,14.303602646063743,270.1239559615054,126.74903669780464
2024-04-12,2024-04-19,2024,510.85,0.17329999999999998,0.182,1.0502019619157532,495,490.0,0.32749539010675477,0.0,0.32749539010675477,True,1.1832285445627588,False,0.32749539010675477,0.0,7.3399748345282205,14.303602646063743,266.17445538054324,126.82110621229326
2024-04-19,2024-04-26,2024,495.16,0.1813,0.1925,1.0617760617760619,480,475.0,0.372341489996721,0.0,0.372341489996721,True,1.1827940491082183,False,0.372341489996721,0.0,7.7123163245249415,14.303602646063743,257.9993018033274,126.89321670551476
2024-04-26,2024-05-03,2024,508.26,0.1467,0.16269999999999998,1.10906612133606,490,485.0,0.11938480485860037,0.0,0.11938480485860037,True,1.1824430176125944,False,0.11938480485860037,0.0,7.831701129383542,14.303602646063743,264.82495584166566,126.96536820076969
2024-05-03,2024-05-10,2024,511.29,0.12,0.1527,1.2725,495,490.0,0.08503244273738053,0.0,0.08503244273738053,True,1.1820092919969423,True,0.08503244273738053,0.08503244273738053,7.916733572120922,14.388635088801124,266.4037139894645,127.03756072137176
2024-05-10,2024-05-17,2024,520.84,0.1182,0.1466,1.2402707275803724,505,500.0,0.09867221416438365,0.0,0.09867221416438365,True,1.1822504107557505,True,0.09867221416438365,0.09867221416438365,8.015405786285307,14.487307302965508,271.3796678876424,127.109794290648
2024-05-17,2024-05-24,2024,529.45,0.0967,0.1399,1.4467425025853156,510,505.0,0.00938708478233774,0.0,0.00938708478233774,True,1.1824377783365403,True,0.00938708478233774,0.00938708478233774,8.024792871067644,14.496694387747846,275.86584203039763,127.1820689319387
2024-05-24,2024-05-31,2024,529.44,0.0919,0.1417,1.5418933623503808,510,505.0,0.006094157519948212,0.0,0.006094157519948212,True,1.1826106744463252,True,0.006094157519948212,0.006094157519948212,8.030887028587593,14.502788545267794,275.8606316074676,127.2543846685974
2024-05-31,2024-06-07,2024,527.37,0.1168,0.1466,1.25513698630137,510,505.0,0.06477977677678703,0.0,0.06477977677678703,True,1.18278357055611,True,0.06477977677678703,0.06477977677678703,8.09566680536438,14.56756832204458,274.7820740609515,127.32674152399095
2024-06-07,2024-06-14,2024,534.01,0.1233,0.1441,1.1686942416869424,515,510.0,0.05770702066450095,0.0,0.05770702066450095,True,1.1829906732064346,False,0.05770702066450095,0.0,8.15337382602888,14.56756832204458,278.24179488649094,127.39913952149944
2024-06-14,2024-06-21,2024,542.78,0.11,0.1484,1.3490909090909091,525,520.0,0.04941876775459253,0.0,0.04941876775459253,True,1.182605435170271,True,0.04941876775459253,0.04941876775459253,8.202792593783471,14.616987089799174,282.81133579612657,127.4715786845163
2024-06-21,2024-06-28,2024,544.51,0.1096,0.1517,1.3841240875912408,525,520.0,0.028475466456973964,0.0,0.028475466456973964,True,1.182778331280056,True,0.028475466456973964,0.028475466456973964,8.231268060240446,14.645462556256149,283.71273896302165,127.54405903644826
2024-06-28,2024-07-05,2024,544.22,0.1054,0.1452,1.3776091081593929,525,520.0,0.0242542968854238,0.0,0.0242542968854238,True,1.182984065668759,True,0.0242542968854238,0.0242542968854238,8.25552235712587,14.669716853141573,283.5616366980508,127.6165806007153
2024-07-05,2024-07-12,2024,554.64,0.1081,0.1435,1.3274745605920444,535,530.0,0.028454810877319492,0.0,0.028454810877319492,True,1.1832021144120561,True,0.028454810877319492,0.028454810877319492,8.283977168003188,14.698171664018892,288.99089739114123,127.68914340075077
2024-07-12,2024-07-19,2024,559.99,0.10550000000000001,0.1437,1.3620853080568718,540,535.0,0.02313504096421304,0.0,0.02313504096421304,True,1.1834201631553534,True,0.02313504096421304,0.02313504096421304,8.307112208967402,14.721306704983105,291.7784736587069,127.76174746000133
2024-07-19,2024-07-26,2024,548.99,0.15039999999999998,0.1716,1.1409574468085109,530,525.0,0.15758440053956768,0.0,0.15758440053956768,True,1.18397581898295,False,0.15758440053956768,0.0,8.46469660950697,14.721306704983105,286.04700843567474,127.83439280192701
2024-07-26,2024-08-02,2024,544.44,0.1681,0.1724,1.0255800118976799,525,520.0,0.2042228140249307,0.0,0.2042228140249307,True,1.1831955068743805,False,0.2042228140249307,0.0,8.6689194235319,14.721306704983105,283.67626600251145,127.90707945000108
2024-08-02,2024-08-09,2024,532.9,0.23309999999999997,0.2334,1.0012870012870014,515,510.0,0.5136899508578807,0.0,0.5136899508578807,True,1.1827678527279477,False,0.5136899508578807,0.0,9.18260937438978,14.721306704983105,277.6634379412577,127.97980742771027
2024-08-09,2024-08-16,2024,532.99,0.2006,0.2118,1.0558325024925224,515,510.0,0.3793327148738044,0.0,0.3793327148738044,True,1.1824168212323238,False,0.3793327148738044,0.0,9.561942089263585,14.721306704983105,277.71033174762795,128.05257675855458
2024-08-16,2024-08-23,2024,554.31,0.1297,0.17809999999999998,1.3731688511950653,535,530.0,0.0840277027719667,0.0,0.0840277027719667,True,1.1819727588516684,True,0.0840277027719667,0.0840277027719667,9.645969792035551,14.805334407755073,288.81895343445024,128.12538746604747
2024-08-23,2024-08-30,2024,562.13,0.1369,0.1819,1.3287070854638423,545,540.0,0.18011765683048608,0.0,0.18011765683048608,True,1.1822138776104765,True,0.18011765683048608,0.18011765683048608,9.826087448866037,14.985452064585559,292.89350416573313,128.19823957371563
2024-08-30,2024-09-06,2024,563.68,0.129,0.1743,1.3511627906976744,545,540.0,0.10363492852404299,4.639999999999986,-4.536365071475943,False,1.1824115819562697,True,-4.536365071475943,-4.536365071475943,5.289722377390094,10.449086993109615,293.70111971988763,128.27113310509927
2024-09-06,2024-09-13,2024,540.36,0.22260000000000002,0.2274,1.0215633423180592,520,515.0,0.36572654687926587,0.0,0.36572654687926587,True,1.1825844780660548,False,0.36572654687926587,0.0,5.6554489242693595,10.449086993109615,281.5504134470595,128.34406808375184
2024-09-13,2024-09-20,2024,562.01,0.158,0.1928,1.220253164556962,545,540.0,0.285154284168911,0.0,0.285154284168911,True,1.1822065709814218,True,0.285154284168911,0.285154284168911,5.9406032084382705,10.734241277278526,292.8309790905728,128.4170445332403
2024-09-20,2024-09-27,2024,568.25,0.132,0.1894,1.4348484848484848,550,545.0,0.13027639654364176,0.0,0.13027639654364176,True,1.1824063426802158,True,0.13027639654364176,0.13027639654364176,6.070879604981912,10.864517673822167,296.082282998911,128.49006247714502
2024-09-27,2024-10-04,2024,571.47,0.1574,0.1954,1.2414231257941548,550,545.0,0.1377990246976264,0.0,0.1377990246976264,True,1.1825792387900007,True,0.1377990246976264,0.1377990246976264,6.208678629679539,11.002316698519794,297.7600391823804,128.56312193905964
2024-10-04,2024-10-11,2024,572.98,0.1648,0.2065,1.2530339805825241,555,550.0,0.2909277351801336,0.0,0.2909277351801336,True,1.1827521348997856,True,0.2909277351801336,0.2909277351801336,6.499606364859672,11.293244433699927,298.5468130448148,128.6362229425914
2024-10-11,2024-10-18,2024,579.58,0.1433,0.2077,1.4494068387997208,560,555.0,0.147732970803796,0.0,0.147732970803796,True,1.1829510279803805,True,0.147732970803796,0.147732970803796,6.647339335663468,11.440977404503723,301.98569217863417,128.70936551136077
2024-10-18,2024-10-25,2024,584.59,0.12380000000000001,0.19190000000000002,1.550080775444265,565,560.0,0.08346937720467462,0.0,0.08346937720467462,True,1.1831690767236778,True,0.08346937720467462,0.08346937720467462,6.730808712868143,11.524446781708399,304.59611406657876,128.7825496690018
2024-10-25,2024-11-01,2024,579.04,0.18489999999999998,0.2094,1.13250405624662,560,555.0,0.3444739644556343,0.0,0.3444739644556343,True,1.183387125466975,False,0.3444739644556343,0.0,7.075282677323777,11.524446781708399,301.7043293404126,128.85577543916193
2024-11-01,2024-11-08,2024,571.04,0.2347,0.2191,0.9335321687260332,550,545.0,0.4360745005434623,0.0,0.4360745005434623,True,1.1829444204427049,False,0.4360745005434623,0.0,7.511357177867239,11.524446781708399,297.53599099638916,128.92904284550204
2024-11-08,2024-11-15,2024,598.19,0.1309,0.16829999999999998,1.2857142857142856,580,575.0,0.1590921580425615,0.0,0.1590921580425615,True,1.1825687602378925,True,0.1590921580425615,0.1590921580425615,7.670449335909801,11.68353893975096,311.6822892514186,129.00235191169648
2024-11-15,2024-11-22,2024,585.75,0.1481,0.17809999999999998,1.202565833896016,565,560.0,0.1396498166540372,0.0,0.1396498166540372,True,1.1827416563476774,True,0.1396498166540372,0.1396498166540372,7.810099152563838,11.823188756404997,305.20052312646214,129.075702661433
2024-11-22,2024-11-29,2024,595.51,0.11460000000000001,0.17300000000000001,1.5095986038394416,575,570.0,0.049537371223951965,0.0,0.049537371223951965,True,1.1829378129050292,True,0.049537371223951965,0.049537371223951965,7.85963652378779,11.87272612762895,310.2858959061707,129.14909511841287
2024-11-29,2024-12-06,2024,602.55,0.10890000000000001,0.16260000000000002,1.4931129476584022,580,575.0,0.02170216274120229,0.0,0.02170216274120229,True,1.1831558616483264,True,0.02170216274120229,0.02170216274120229,7.881338686528992,11.894428290370152,313.95403364891126,129.2225293063509
2024-12-06,2024-12-13,2024,607.81,0.1038,0.1632,1.5722543352601157,585,580.0,0.015175276043438601,0.0,0.015175276043438601,True,1.1833739103916237,True,0.015175276043438601,0.015175276043438601,7.896513962572431,11.90960356641359,316.69471611010664,129.29600524897526
2024-12-13,2024-12-20,2024,604.21,0.109,0.17149999999999999,1.5733944954128438,585,580.0,0.05870058399755118,0.0,0.05870058399755118,True,1.1838268162370422,True,0.05870058399755118,0.05870058399755118,7.955214546569982,11.968304150411141,314.81896385529615,129.36952297002767
2024-12-20,2024-12-27,2024,591.15,0.1595,0.201,1.2601880877742948,570,565.0,0.17617748723596272,0.0,0.17617748723596272,True,1.1845292577534645,True,0.17617748723596272,0.17617748723596272,8.131392033805945,12.144481637647104,308.01415150867797,129.44308249326338
2024-12-27,2025-01-03,2024,595.01,0.1331,0.1807,1.357625845229151,575,570.0,0.11389921233042433,0.0,0.11389921233042433,True,1.1852316992698868,True,0.11389921233042433,0.11389921233042433,8.245291246136368,12.258380849977527,310.02537475966926,129.51668384245107
2025-01-03,2025-01-10,2025,591.95,0.1344,0.1814,1.3497023809523812,570,565.0,0.07590171205578944,0.0,0.07590171205578944,True,1.1856251163867515,True,0.07590171205578944,0.07590171205578944,8.321192958192157,12.334282562033316,308.43098534308035,129.59032704137303
2025-01-10,2025-01-17,2025,580.49,0.1783,0.2097,1.1761076836791924,560,555.0,0.2580651121549131,0.0,0.2580651121549131,True,1.1856477042241471,False,0.2580651121549131,0.0,8.57925807034707,12.334282562033316,302.4598406652668,129.66401211382498
2025-01-17,2025-01-24,2025,597.58,0.1413,0.1819,1.2873319179051663,575,570.0,0.08778297474477093,0.0,0.08778297474477093,True,1.1852104131633285,True,0.08778297474477093,0.08778297474477093,8.66704104509184,12.422065536778087,311.3644534526868,129.73773908361625
2025-01-24,2025-01-31,2025,607.97,0.1288,0.17550000000000002,1.362577639751553,585,580.0,0.05640988064545738,0.0,0.05640988064545738,True,1.1856244319068303,True,0.05640988064545738,0.05640988064545738,8.723450925737298,12.478475417423544,316.7780828769871,129.81150797456965
2025-01-31,2025-02-07,2025,601.82,0.1585,0.1843,1.162776025236593,580,575.0,0.1653403391567032,0.0,0.1653403391567032,True,1.185647019744226,False,0.1653403391567032,0.0,8.888791264894001,12.478475417423544,313.5736727750192,129.88531881052154
2025-02-07,2025-02-14,2025,600.77,0.1467,0.1863,1.2699386503067485,580,575.0,0.14970181212928502,0.0,0.14970181212928502,True,1.1851891270567703,True,0.14970181212928502,0.14970181212928502,9.038493077023286,12.62817722955283,313.0265783673661,129.95917161532188
2025-02-14,2025-02-21,2025,609.7,0.11560000000000001,0.17809999999999998,1.5406574394463666,590,585.0,0.0732480806642517,0.0,0.0732480806642517,True,1.1856237474269093,True,0.0732480806642517,0.0732480806642517,9.111741157687538,12.70142531021708,317.6794860438822,130.03306641283416
2025-02-21,2025-02-28,2025,599.94,0.17,0.1948,1.1458823529411764,580,575.0,0.27306782049724987,0.0,0.27306782049724987,True,1.185646335264305,False,0.27306782049724987,0.0,9.384808978184788,12.70142531021708,312.5941132641737,130.10700322693543
2025-02-28,2025-03-07,2025,594.18,0.1888,0.2018,1.06885593220339,575,570.0,0.3811855116132712,0.0,0.3811855116132712,True,1.185167840950212,False,0.3811855116132712,0.0,9.765994489798059,12.70142531021708,309.59290965647676,130.1809820815163
2025-03-07,2025-03-14,2025,575.92,0.2379,0.2259,0.9495586380832282,555,550.0,0.46247866361935763,0.0,0.46247866361935763,True,1.1837416718108091,False,0.46247866361935763,0.0,10.228473153417417,12.70142531021708,300.0786773862434,130.25500300048105
2025-03-14,2025-03-21,2025,562.81,0.2177,0.2217,1.0183739090491501,545,540.0,0.5195613822200684,0.0,0.5195613822200684,True,1.183122823959948,False,0.5195613822200684,0.0,10.748034535637485,12.70142531021708,293.2478129249751,130.32906600774746
2025-03-21,2025-03-28,2025,563.98,0.1858,0.20350000000000001,1.0952637244348764,545,540.0,0.32557368076773585,0.0,0.32557368076773585,True,1.182710220691353,False,0.32557368076773585,0.0,11.073608216405221,12.70142531021708,293.85743240778856,130.4031711272469
2025-03-28,2025-04-04,2025,555.66,0.22690000000000002,0.22010000000000002,0.9700308505949757,535,530.0,0.39642078893763966,5.0,-4.60357921106236,False,1.182359189195729,False,-4.60357921106236,0.0,6.470029005342861,12.70142531021708,289.5223605300042,130.4773183829245
2025-04-04,2025-04-11,2025,505.28,0.5717,0.3671,0.6421199930033235,490,485.0,1.2099568657352222,0.0,1.2099568657352222,True,1.1818923859320658,False,1.2099568657352222,0.0,7.679985871078083,12.70142531021708,263.27224980851696,130.55150779873878
2025-04-11,2025-04-17,2025,533.94,0.43320000000000003,0.33909999999999996,0.7827793167128345,515,510.0,0.8518191234467167,0.0,0.8518191234467167,True,1.1814576048520182,False,0.8518191234467167,0.0,8.5318049945248,12.70142531021708,278.20532192598074,130.62573939866206
2025-04-25,2025-05-02,2025,550.64,0.2464,0.25370000000000004,1.0296266233766236,530,525.0,0.4559243513168383,0.0,0.4559243513168383,True,1.1811275878994245,False,0.4559243513168383,0.0,8.987729345841638,12.70142531021708,286.90672821912955,130.70001320668024
2025-05-02,2025-05-09,2025,566.76,0.2122,0.24,1.131008482563619,545,540.0,0.3163773276121553,0.0,0.3163773276121553,True,1.181069056884503,False,0.3163773276121553,0.0,9.304106673453793,12.70142531021708,295.30592998233664,130.77432924679277
2025-05-09,2025-05-16,2025,564.34,0.2087,0.23379999999999998,1.120268327743172,545,540.0,0.40507580665133247,0.0,0.40507580665133247,True,1.1802795795000773,False,0.40507580665133247,0.0,9.709182480105126,12.70142531021708,294.04500763326956,130.84868754301291
2025-05-16,2025-05-23,2025,594.2,0.1435,0.20079999999999998,1.3993031358885017,575,570.0,0.17668453419409502,0.0,0.17668453419409502,True,1.1780951543781852,True,0.17668453419409502,0.17668453419409502,9.88586701429922,12.878109844411176,309.6033305023369,130.92308811936743
2025-05-23,2025-05-30,2025,579.11,0.20629999999999998,0.23800000000000002,1.1536597188560351,560,555.0,0.4339629551944739,0.0,0.4339629551944739,True,1.1791710652591172,False,0.4339629551944739,0.0,10.319829969493695,12.878109844411176,301.7408023009228,130.99753099989687
2025-05-30,2025-06-06,2025,589.39,0.1674,0.2138,1.2771804062126644,570,565.0,0.26801756612227834,0.0,0.26801756612227834,True,1.1773782140232463,True,0.26801756612227834,0.26801756612227834,10.587847535615973,13.146127410533454,307.09711707299283,131.07201620865533
2025-06-06,2025-06-13,2025,599.14,0.142,0.2002,1.4098591549295776,580,575.0,0.17798816020474995,0.0,0.17798816020474995,True,1.178062551018157,True,0.17798816020474995,0.17798816020474995,10.765835695820723,13.324115570738204,312.1772794297713,131.1465437697107
2025-06-13,2025-06-20,2025,597.0,0.19260000000000002,0.2262,1.1744548286604362,575,570.0,0.28257904287630353,0.0,0.28257904287630353,True,1.179138461899089,False,0.28257904287630353,0.0,11.048414738697026,13.324115570738204,311.0622489227451,131.22111370714444
2025-06-20,2025-06-27,2025,594.28,0.1832,0.2248,1.2270742358078603,575,570.0,0.351451057306722,0.0,0.351451057306722,True,1.177361273618659,True,0.351451057306722,0.351451057306722,11.399865796003748,13.675566628044926,309.64501388577713,131.2957260450518
2025-06-27,2025-07-03,2025,614.91,0.1281,0.1945,1.518345042935207,595,590.0,0.07996824530163771,0.0,0.07996824530163771,True,1.1780299476581289,True,0.07996824530163771,0.07996824530163771,11.479834041305386,13.755534873346564,320.3941163904274,131.37038080754172
2025-07-11,2025-07-18,2025,623.62,0.1303,0.1937,1.486569455103607,600,595.0,0.05984159521165422,0.0,0.05984159521165422,True,1.1791058585390606,True,0.05984159521165422,0.05984159521165422,11.53967563651704,13.815376468558219,324.9323947624829,131.44507801873675
2025-07-18,2025-07-25,2025,627.58,0.127,0.19579999999999997,1.5417322834645668,605,600.0,0.06895172740691624,0.0,0.06895172740691624,True,1.1801817694199928,True,0.06895172740691624,0.06895172740691624,11.608627363923958,13.884328195965136,326.9957222427745,131.5198177027733
2025-07-25,2025-08-01,2025,637.1,0.1283,0.1832,1.4279033515198754,615,610.0,0.08716058694041795,0.0,0.08716058694041795,True,1.1810630364305803,True,0.08716058694041795,0.08716058694041795,11.695787950864375,13.971488782905553,331.9560448721623,131.59459988380138
2025-08-01,2025-08-08,2025,621.72,0.1953,0.21239999999999998,1.087557603686636,600,595.0,0.34257164867589296,0.0,0.34257164867589296,True,1.1810684060246195,False,0.34257164867589296,0.0,12.038359599540268,13.971488782905553,323.9424144057773,131.6694245859848
2025-08-08,2025-08-15,2025,637.18,0.1286,0.187,1.454121306376361,615,610.0,0.08666912344138833,0.0,0.08666912344138833,True,1.1801491660599643,True,0.08666912344138833,0.08666912344138833,12.125028722981657,14.058157906346942,331.99772825560245,131.7442918335011
2025-08-15,2025-08-22,2025,643.44,0.13269999999999998,0.1864,1.4046721929163528,620,615.0,0.08098818119862816,0.0,0.08098818119862816,True,1.1810628737156095,True,0.08098818119862816,0.08098818119862816,12.206016904180284,14.13914608754557,335.25945300980084,131.8192016505416
2025-08-22,2025-08-29,2025,645.31,0.1185,0.1776,1.49873417721519,625,620.0,0.09568694742647921,0.0,0.09568694742647921,True,1.1810682433096487,True,0.09568694742647921,0.09568694742647921,12.301703851606764,14.234833034972048,336.23380209771625,131.89415406131124
2025-08-29,2025-09-05,2025,645.05,0.1272,0.18350000000000002,1.4426100628930818,625,620.0,0.1356603997952206,0.0,0.1356603997952206,True,1.1810736129036876,True,0.1356603997952206,0.1356603997952206,12.437364251401984,14.370493434767269,336.09833110153545,131.9691490900289
2025-09-05,2025-09-12,2025,647.24,0.1266,0.18420000000000003,1.4549763033175358,625,620.0,0.0863361344350908,0.0,0.0863361344350908,True,1.1810980341424757,True,0.0863361344350908,0.0863361344350908,12.523700385837074,14.456829569202359,337.2394137232119,132.04418676092712
2025-09-12,2025-09-19,2025,657.41,0.1285,0.18059999999999998,1.4054474708171205,635,630.0,0.09648414873159972,0.0,0.09648414873159972,True,1.1812605798056937,True,0.09648414873159972,0.09648414873159972,12.620184534568674,14.553313717933959,342.5384138430516,132.11926709825224
2025-09-19,2025-09-26,2025,663.7,0.1241,0.1848,1.4891216760676873,640,635.0,0.06556296345334811,0.0,0.06556296345334811,True,1.1814231254689114,True,0.06556296345334811,0.06556296345334811,12.685747498022021,14.618876681387306,345.81576986604,132.19439012626438
2025-09-26,2025-10-03,2025,661.82,0.12269999999999999,0.1841,1.5004074979625104,640,635.0,0.09166110935564564,0.0,0.09166110935564564,True,1.1815928141408192,True,0.09166110935564564,0.09166110935564564,12.777408607377666,14.71053779074295,344.8362103551945,132.2695558692375
2025-10-03,2025-10-10,2025,669.21,0.13470000000000001,0.19079999999999997,1.416481069042316,645,640.0,0.09118533716592214,0.0,0.09118533716592214,True,1.1818339328996275,True,0.09118533716592214,0.09118533716592214,12.868593944543587,14.801723127908872,348.68671290048616,132.34476435145933
2025-10-10,2025-10-17,2025,653.02,0.217,0.2281,1.051152073732719,630,625.0,0.4267009149343437,0.0,0.4267009149343437,True,1.1820750516584355,False,0.4267009149343437,0.0,13.29529485947793,14.801723127908872,340.2510381767688,132.42001559723144
2025-10-17,2025-10-24,2025,664.39,0.198,0.22089999999999999,1.1156565656565656,640,635.0,0.31575149987521556,0.0,0.31575149987521556,True,1.1815855075117645,False,0.31575149987521556,0.0,13.611046359353146,14.801723127908872,346.17528904821205,132.49530963086912
2025-10-24,2025-10-31,2025,677.25,0.1485,0.192,1.292929292929293,655,650.0,0.196532450564316,0.0,0.196532450564316,True,1.1812507285533773,True,0.196532450564316,0.196532450564316,13.807578809917462,14.998255578473188,352.8758929362296,132.57064647670157
2025-10-31,2025-11-07,2025,682.06,0.1471,0.20489999999999997,1.3929299796057102,660,655.0,0.20146315999243924,0.0,0.20146315999243924,True,1.1814132742165953,True,0.20146315999243924,0.20146315999243924,14.009041969909902,15.199718738465627,355.3821063655737,132.64602615907185
2025-11-07,2025-11-14,2025,670.97,0.17309999999999998,0.2119,1.224147891392259,650,645.0,0.3497059487572116,0.0,0.3497059487572116,True,1.1815782008827098,True,0.3497059487572116,0.3497059487572116,14.358747918667113,15.549424687222839,349.6037473361713,132.7214487023368
2025-11-14,2025-11-21,2025,671.93,0.1861,0.2158,1.1595916174099947,650,645.0,0.371615250335644,0.0,0.371615250335644,True,1.1818193196415179,False,0.371615250335644,0.0,14.730363169002757,15.549424687222839,350.10394793745405,132.79691413086712
2025-11-21,2025-11-28,2025,659.03,0.2151,0.2396,1.113900511390051,635,630.0,0.3877291522520494,0.0,0.3877291522520494,True,1.181408348590437,False,0.3877291522520494,0.0,15.118092321254807,15.549424687222839,343.38250235771636,132.87242246904736
2025-11-28,2025-12-05,2025,683.39,0.1361,0.19640000000000002,1.4430565760470244,660,655.0,0.12282572906153355,0.0,0.12282572906153355,True,1.1810783316378433,True,0.12282572906153355,0.12282572906153355,15.24091805031634,15.672250416284372,356.0750926152676,132.94797374127597
2025-12-05,2025-12-12,2025,685.69,0.139,0.19269999999999998,1.3863309352517983,665,660.0,0.2117932969230445,0.0,0.2117932969230445,True,1.1812408773010612,True,0.2117932969230445,0.2117932969230445,15.452711347239385,15.884043713207417,357.2734898891743,133.0235679719653
2025-12-12,2025-12-19,2025,681.76,0.1348,0.1925,1.4280415430267062,660,655.0,0.1560804971481602,0.0,0.1560804971481602,True,1.181403422964279,True,0.1560804971481602,0.1560804971481602,15.608791844387545,16.04012421035558,355.2257936776728,133.09920518554145
2025-12-19,2025-12-26,2025,680.59,0.10490000000000001,0.1825,1.7397521448999045,660,655.0,0.06618267753047746,0.0,0.06618267753047746,True,1.1815659686274969,True,0.06618267753047746,0.06618267753047746,15.674974521918022,16.106306887886056,354.6161741948594,133.1748854064445
2025-12-26,2026-01-02,2025,690.31,0.0965,0.1777,1.8414507772020725,665,660.0,0.011214769465039298,0.0,0.011214769465039298,True,1.1818047063834083,True,0.011214769465039298,0.011214769465039298,15.686189291383062,16.117521657351094,359.6807052828478,133.25060865912852
2026-01-02,2026-01-09,2026,683.33,0.11720000000000001,0.1802,1.5375426621160408,660,655.0,0.06276303850224263,0.0,0.06276303850224263,True,1.1820458251422163,True,0.06276303850224263,0.06276303850224263,15.748952329885306,16.180284695853338,356.0438300776874,133.3263749680613
2026-01-09,2026-01-16,2026,694.005,0.10859999999999999,0.1788,1.6464088397790055,670,665.0,0.038508965709139975,0.0,0.038508965709139975,True,1.1822869439010244,True,0.038508965709139975,0.038508965709139975,15.787461295594445,16.21879366156248,361.6059565554936,133.40218435772462
2026-01-16,2026-01-23,2026,691.58,0.1209,0.18989999999999999,1.5707196029776676,670,665.0,0.11184380186998766,0.0,0.11184380186998766,True,1.1824639747168106,True,0.11184380186998766,0.11184380186998766,15.899305097464433,16.330637463432467,360.3424289949615,133.47803685261422
2026-01-23,2026-01-30,2026,689.2,0.15,0.19149999999999998,1.2766666666666666,665,660.0,0.16108615693780948,0.0,0.16108615693780948,True,1.1826368708265955,True,0.16108615693780948,0.16108615693780948,16.06039125440224,16.491723620370276,359.10234833761456,133.55393247723975
2026-01-30,2026-02-06,2026,691.8,0.15689999999999998,0.2007,1.2791586998087954,670,665.0,0.26724104647049174,0.0,0.26724104647049174,True,1.1828097669363804,True,0.26724104647049174,0.26724104647049174,16.327632300872732,16.758964666840768,360.45705829942216,133.62987125612474
2026-02-06,2026-02-13,2026,690.72,0.1543,0.20370000000000002,1.320155541153597,665,660.0,0.1422973899417439,0.0,0.1422973899417439,True,1.183023710894813,True,0.1422973899417439,0.1422973899417439,16.469929690814475,16.901262056782514,359.894332622979,133.70585321380673
2026-02-13,2026-02-20,2026,681.61,0.1877,0.2217,1.1811401172083111,660,655.0,0.40744979819564264,0.0,0.40744979819564264,True,1.1832417596381102,False,0.40744979819564264,0.0,16.877379489010117,16.901262056782514,355.1476373337224,133.7818783748372
2026-02-20,2026-02-27,2026,689.44,0.1802,0.2109,1.1703662597114317,665,660.0,0.2763975584260372,0.0,0.2763975584260372,True,1.1828045276603263,False,0.2763975584260372,0.0,17.153777047436154,16.901262056782514,359.22739848793526,133.85794676378154
2026-02-27,2026-03-06,2026,686.16,0.1859,0.21559999999999999,1.1597633136094674,665,660.0,0.426062551321877,0.0,0.426062551321877,True,1.1824534961647026,False,0.426062551321877,0.0,17.57983959875803,16.901262056782514,357.5183797668857,133.9340584052192
2026-03-06,2026-03-13,2026,672.44,0.3044,0.2756,0.9053876478318003,650,645.0,0.7849764502415297,0.0,0.7849764502415297,True,1.1820239052550519,False,0.7849764502415297,0.0,18.36481604899956,16.901262056782514,350.3696795068856,134.01021332374347
2026-03-13,2026-03-20,2026,662.3,0.28,0.2728,0.9742857142857142,640,635.0,0.7013368186089934,0.0,0.7013368186089934,True,1.1815493554013878,False,0.7013368186089934,0.0,19.066152867608555,16.901262056782514,345.0863106558359,134.0864115439618
2026-03-20,2026-03-27,2026,648.48,0.2695,0.2743,1.0178107606679034,625,620.0,0.5865527319058472,0.0,0.5865527319058472,True,1.1812607347810073,False,0.5865527319058472,0.0,19.6527055995144,16.901262056782514,337.88550616653555,134.1626530904955
2026-03-27,2026-04-02,2026,634.04,0.3064,0.2927,0.9552872062663186,615,610.0,0.8061736855086963,0.0,0.8061736855086963,True,1.1811160208358287,False,0.8061736855086963,0.0,20.458879285023098,16.901262056782514,330.3616554555733,134.23893798797988
2026-04-10,2026-04-17,2026,679.35,0.1636,0.2186,1.3361858190709046,655,650.0,0.1997973075872288,0.0,0.1997973075872288,True,1.181077355348018,True,0.1997973075872288,0.1997973075872288,20.658676592610327,17.101059364369743,353.97008175153576,134.31526626106432
2026-04-17,2026-04-24,2026,710.06,0.1481,0.2051,1.3848750844024307,685,680.0,0.15241183646961254,0.0,0.15241183646961254,True,1.1810950137418696,True,0.15241183646961254,0.15241183646961254,20.811088429079938,17.253471200839357,369.97129056965554,134.39163793441222
2026-04-24,2026-05-01,2026,713.97,0.1671,0.213,1.2746858168761221,690,685.0,0.26666818909307466,0.0,0.26666818909307466,True,1.181115402980124,True,0.26666818909307466,0.26666818909307466,21.077756618173012,17.52013938993243,372.008565935297,134.46805303270096
2026-05-01,2026-05-08,2026,720.49,0.14150000000000001,0.20370000000000002,1.4395759717314487,695,690.0,0.12749922276420556,0.0,0.12749922276420556,True,1.1811357922183783,True,0.12749922276420556,0.12749922276420556,21.20525584093722,17.64763861269664,375.405761685676,134.54451158062193
2026-05-08,2026-05-15,2026,737.54,0.1421,0.205,1.442646023926812,715,710.0,0.22335035582190343,0.0,0.22335035582190343,True,1.1812521192401004,True,0.22335035582190343,0.22335035582190343,21.428606196759123,17.870988968518542,384.28953278137584,134.62101360288062
2026-05-15,2026-05-22,2026,739.1,0.1637,0.21359999999999998,1.3048259010384848,715,710.0,0.2773328598134519,0.0,0.2773328598134519,True,1.181394275665064,True,0.2773328598134519,0.2773328598134519,21.705939056572575,18.148321828331994,385.1023587584604,134.69755912419657
2026-05-22,2026-05-29,2026,745.67,0.1407,0.2003,1.4235963041933193,720,715.0,0.14113669564639508,0.0,0.14113669564639508,True,1.1815364320900275,True,0.14113669564639508,0.14113669564639508,21.84707575221897,18.28945852397839,388.52560662348964,134.77414816930332
2026-05-29,2026-06-05,2026,756.34,0.1259,0.1866,1.4821286735504366,730,725.0,0.08432343803424214,0.0,0.08432343803424214,True,1.1817535599800246,True,0.08432343803424214,0.08432343803424214,21.931399190253213,18.373781962012632,394.0851278898308,134.8507807629485
2026-06-05,2026-06-12,2026,737.45,0.23920000000000002,0.2182,0.9122073578595317,715,710.0,0.6812164480477207,0.0,0.6812164480477207,True,1.1819946787388327,False,0.6812164480477207,0.0,22.612615638300934,18.373781962012632,384.2426389750056,134.92745692989376
2026-06-12,2026-06-18,2026,741.67,0.1726,0.2051,1.1882966396292005,715,710.0,0.18135946889929855,0.0,0.18135946889929855,True,1.181532124319574,True,0.18135946889929855,0.18135946889929855,22.793975107200232,18.55514143091193,386.44143745147795,135.004176694915
2026-06-26,2026-07-02,2026,729.35,0.168,0.20129999999999998,1.1982142857142855,705,700.0,0.2143133521575855,0.0,0.2143133521575855,True,1.18174625335097,True,0.2143133521575855,0.2143133521575855,23.008288459357818,18.769454783069516,380.0221964016819,135.08094008280202
2026-07-10,2026-07-17,2026,754.94,0.1115,0.1857,1.6654708520179373,730,725.0,0.06037031183265018,0.0,0.06037031183265018,True,1.181987372109778,True,0.06037031183265018,0.06037031183265018,23.068658771190467,18.829825094902166,393.3556686796267,135.15774711835877
2026-07-17,2026-07-24,2026,743.28,0.1685,0.2054,1.2189910979228487,720,715.0,0.33489313539149634,0.0,0.33489313539149634,True,1.182228490868586,True,0.33489313539149634,0.33489313539149634,23.403551906581963,19.164718230293662,387.2803155432126,135.23459782640336
2026-07-24,2026-07-31,2026,738.9,0.17620000000000002,0.2051,1.1640181611804765,715,710.0,0.342770909573332,0.0,0.342770909573332,True,1.182422060508378,False,0.342770909573332,0.0,23.746322816155295,19.164718230293662,384.99815029985984,135.31149223176794
2026-07-31,2026-08-07,2026,746.79,0.1305,0.1902,1.457471264367816,720,715.0,0.08589175842851748,0.0,0.08589175842851748,True,1.181980065480723,True,0.08589175842851748,0.08589175842851748,23.832214574583812,19.25060998872218,389.1091739916529,135.38843035929887
2026-08-07,2026-08-14,2026,773.16,0.11960000000000001,0.18719999999999998,1.5652173913043474,745,740.0,0.051941349823401595,0.0,0.051941349823401595,True,1.1822211842395314,True,0.051941349823401595,0.051941349823401595,23.884155924407214,19.30255133854558,402.84905925813996,135.4654122338565
2026-08-14,2026-08-21,2026,776.3,0.1061,0.18460000000000001,1.7398680490103677,750,745.0,0.04018378171271575,0.0,0.04018378171271575,True,1.1824168212323238,True,0.04018378171271575,0.04018378171271575,23.92433970611993,19.342735120258297,404.48513205816914,135.54243788031545
2026-08-21,2026-08-28,2026,765.64,0.1258,0.185,1.4705882352941178,740,735.0,0.10137881921964009,0.0,0.10137881921964009,True,1.1825897173421087,True,0.10137881921964009,0.10137881921964009,24.02571852533957,19.444113939477937,398.930821214758,135.61950732356436
2026-08-28,2026-08-31,2026,769.28,0.11220000000000001,0.1748,1.5579322638146167,745,740.0,0.0031992651143042117,0.0,0.0031992651143042117,True,1.1827626134518936,True,0.0031992651143042117,0.0031992651143042117,24.028917790453875,19.44731320459224,400.8274151612886,135.69662058850616
